,song_name,rhythm_L2,pitch_L2,pitch_der_L2,pitch_med_L2,vib_frame_L2,rhythm_L6_L2,pitch_L6_L2,pitch_der_L6_L2,pitch_med_L6_L2,vib_frame_L6_L2,timbral_dist,pitch_dist,pitch_der_dist,pitch_med_dist,vib_segment_dist,vib_frame_dist,volume_dist,pitch_dynamic_dist,emolina_rhythm_mfcc_dist,emolina_rhythm_pitch_dist,melodiousness,articulation,rhythmic_complexity,rhythm_stability,dissonance,tonality,modality,GT
0,JTAN_1,-0.328835611,-0.66106538,0.22338685,0.7552933759999999,0.4342026,-0.36146341600000004,-0.653231145,0.248659712,0.6612017339999999,0.587292189,0.775034826,0.910274562,0.37442542,0.50188659,-0.313896755,-0.46950319799999995,0.653807459,-2.565571586,-0.252286049,2.8768765189999996,6.599221706390381,3.413980007171631,3.755056858062744,4.8257012367248535,3.628979206085205,6.795567512512207,5.54553747177124,1.4
1,JTAN_0,-0.214812542,4.3123775669999995,0.7569105140000001,1.79798579,0.847840533,-0.253309589,3.849142315,0.74494165,1.877128685,0.9501893109999999,0.968637851,0.82545159,4.574743764,3.0881643189999997,-0.966743731,0.046816459000000005,-0.325356606,-4.059729473,-0.380487085,-0.625124682,6.428154945373535,3.3785793781280518,3.706554412841797,4.76602029800415,3.738365650177002,6.713641166687012,5.737005710601807,1.4
2,JTAN_7,-0.971269339,0.6453286970000001,-0.762519224,-0.824001393,-1.044836011,-1.007973763,1.0095566440000001,-0.675680763,-0.7478867459999999,-0.8076124859999999,0.9910649009999999,0.174846613,0.997507448,1.899868574,-0.045239620999999994,-1.103785403,0.142200658,-4.444078769,-0.382056664,-0.171899916,6.484866142272949,3.4764740467071533,3.6851203441619873,4.80505895614624,3.68377423286438,6.793214321136475,5.6634979248046875,1.4
3,JTAN_3,2.66210731,-0.794361502,0.277586985,0.07503997700000001,-0.753239401,2.4758484590000003,-0.8174026740000001,0.25496521699999997,0.135915414,-0.8026027109999999,1.156832394,1.09631264,1.245682843,0.9795772070000001,-0.355687164,-0.44548277399999997,0.529015974,1.347584682,8.623199537,-0.697186313,6.364384651184082,3.397948741912842,3.6330368518829346,4.679361820220947,3.726550579071045,6.725003242492676,5.753588676452637,1.4
4,JTAN_6,-1.037894135,-0.794361502,-0.220138647,0.6082719360000001,2.52195935,-1.077745849,-0.8174026740000001,-0.29098434300000003,0.478080764,2.4896275830000003,0.743285215,1.43622186,1.588073951,0.280331455,-0.045573305999999994,0.7001188890000001,-0.118903662,-1.948210529,-0.38887694700000003,0.154533376,6.793112754821777,3.476738691329956,3.684812068939209,5.0564775466918945,3.589564085006714,6.894584655761719,5.44754695892334,1.4
5,JTAN_5,0.306278457,-0.794361502,0.36697343200000004,0.102705775,-0.298050313,0.265052644,-0.8174026740000001,0.39964858700000006,0.130381997,-0.27970353600000003,0.613904552,0.865604915,0.7637129009999999,0.227069878,1.063807843,-0.40376611100000004,-0.182506893,-3.151704262,-0.31722183800000003,1.112566856,6.760467529296875,3.3667595386505127,3.6536941528320312,5.007082462310791,3.6136913299560547,6.851254463195801,5.503586769104004,1.4
6,JTAN_4,-0.42700272100000003,-0.794361502,-0.8878863220000001,-0.66754111,-1.5885571840000001,-0.16684639699999998,-0.8174026740000001,-0.7208806940000001,-0.42982384100000004,-1.2164607040000002,-2.214467112,-0.35662652799999994,-1.882363409,-1.1439750359999998,-0.77182349,-1.37628898,-0.8527959359999999,0.232971724,-0.38515306,-0.861630175,6.570896148681641,3.384864330291748,3.724773406982422,4.7871012687683105,3.6734352111816406,6.795590877532959,5.675230503082275,1.4
7,JTAN_2,-0.828939375,-0.794361502,-0.24128781600000002,-0.415237346,-1.050978728,-0.8592252779999999,-0.8174026740000001,-0.055209564,-0.32200347100000004,-0.808553733,0.826686068,0.465039593,-0.405682795,-0.621930283,-0.443864948,-1.2374736640000001,0.431968232,0.21375425899999997,-0.37780644399999996,0.342954659,6.71508264541626,3.4394900798797607,3.680234432220459,4.971123695373535,3.6109118461608887,6.87930965423584,5.608092308044434,1.4
8,PRAV_5,-0.058935243,-0.794361502,-0.370713749,-0.488968726,0.203840037,-0.107286063,-0.8174026740000001,-0.215907829,-0.338046388,0.875864471,1.774953831,0.707117268,-0.8896089559999999,-0.60405555,1.275721569,1.805470176,1.127372574,0.331461231,0.47258642100000003,-0.9309784740000001,5.856932163238525,3.9864163398742676,4.223336219787598,4.839390277862549,4.08199405670166,6.595254421234131,5.498143672943115,1.0
9,PRAV_1,-0.08511391199999999,-0.794361502,0.400339933,-0.4910603,2.40063128,-0.109767221,-0.8174026740000001,0.32661544800000003,-0.505817948,2.491876272,1.441713628,1.4788898519999998,0.372574943,0.211125344,1.516747795,1.8923429809999999,0.7590673659999999,-0.811977924,0.025356236,-0.401805566,5.739358425140381,4.2248854637146,4.268067359924316,4.999277591705322,4.157859802246094,6.586960792541504,5.533697128295898,1.0
10,PRAV_4,1.072418754,-0.794361502,-0.703507074,-0.78085307,-1.655417832,1.785568333,-0.8174026740000001,-0.46571277,-0.588787819,-1.405747385,-1.8831213930000001,-0.14873083,-1.326955968,-0.42473445600000004,0.251547904,-0.35376491200000004,-1.475879856,1.131388203,-0.08908323300000001,-1.101548928,6.099837779998779,4.031607151031494,4.117317199707031,4.9520463943481445,3.9032809734344482,6.745491027832031,5.5681586265563965,1.0
11,PRAV_7,1.934945699,-0.794361502,-0.591513603,-0.904864362,-0.789833419,1.825267143,-0.8174026740000001,-0.49618302200000003,-0.87264054,-0.647600034,0.95983233,0.638838629,0.031294121,0.16883033,0.908102388,0.346370755,0.896614117,1.628640104,0.175831724,-0.45890945899999996,5.727934837341309,3.8066792488098145,4.123336315155029,4.614433765411377,4.1282172203063965,6.497252464294434,5.589491844177246,1.0
12,PRAV_3,-0.15885907400000002,-0.794361502,-0.353004108,0.5563550079999999,-1.085889071,-0.20094161100000002,-0.8174026740000001,-0.240165447,0.726071013,-0.9627754070000001,1.12383065,0.505801808,0.14256065699999998,0.017396312,0.877171162,-0.061266232999999996,0.11923342,1.285127921,0.21995328,0.529781821,5.587631702423096,3.8952832221984863,4.143606662750244,4.686299800872803,4.151461601257324,6.399643898010254,5.5238938331604,1.0
13,PRAV_0,0.707843135,-0.794361502,2.1385929519999998,0.880951156,-0.9784017279999999,0.6448930660000001,-0.8174026740000001,2.579638483,1.162895855,-0.8843294620000001,0.9553448659999999,0.892449353,1.064653326,1.049275586,0.114929085,-0.271307082,1.461527452,0.499614048,0.624147184,-0.21419655699999998,6.068307399749756,3.924100399017334,4.105025768280029,4.876442909240723,3.9315826892852783,6.7198028564453125,5.667923927307129,1.0
14,PRAV_2,-0.444578199,-0.794361502,0.129169582,-0.535242894,1.323224677,-0.47716154200000005,-0.8174026740000001,0.24403041600000003,-0.471970957,1.7551665580000002,2.120344728,1.7063559259999999,0.263661156,0.535520649,0.183360811,0.592574542,1.474801719,0.5716795410000001,-0.216465078,0.974511791,5.919975280761719,4.026209354400635,4.195621967315674,4.910815238952637,4.052392482757568,6.594210624694824,5.43210506439209,1.0
15,PRAV_6,-0.9522407540000001,-0.794361502,-0.6643360739999999,-0.625675297,1.2358237840000001,-0.989118394,-0.8174026740000001,-0.713519343,-0.643444496,1.135546672,2.024159792,2.585475487,1.9084708190000002,0.595189665,1.070525234,3.26266634,2.416586255,0.855137147,-0.109180641,0.327445045,5.981293678283691,4.078671932220459,4.213613510131836,4.902658939361572,3.9754586219787598,6.700605869293213,5.495712757110596,1.0
16,JLEE_2,-1.023468907,-0.794361502,-0.23361190899999998,-0.10308410800000001,-0.342507316,-1.052564794,-0.8174026740000001,-0.307044095,-0.200223807,-0.514650445,0.592466521,1.327144171,-0.192349237,-0.23393627399999997,-1.274083262,-0.351247026,-0.9174921109999999,0.204145527,-0.389698581,-0.087137125,6.710109710693359,3.5248725414276123,3.8542163372039795,5.089688777923584,3.7145843505859375,6.825833320617676,5.2741827964782715,3.2
17,JLEE_5,-0.34070547700000003,-0.794361502,-0.338626279,-0.498011117,-1.026401634,-0.38047999600000004,-0.8174026740000001,-0.374258408,-0.5538500270000001,-1.17080764,-0.110227619,1.182671676,-0.37914166899999996,-0.946023,-0.505880834,-0.435712916,-0.923057542,-0.905663065,-0.37814588600000004,0.269217739,6.393160820007324,3.664107084274292,3.8503270149230957,5.04428768157959,3.870150089263916,6.693577766418457,5.389786720275879,3.2
18,JLEE_6,1.1954605040000001,-0.794361502,1.938088658,0.619053183,0.033058371,1.144363245,-0.8174026740000001,1.7925785680000001,0.436836526,-0.045179044,0.6363419770000001,1.176635216,0.594632178,-0.612994916,-0.29705949600000003,-0.333106642,-0.141058243,0.37710271,0.22128466800000002,-0.608915191,6.729880332946777,3.420724868774414,3.80236554145813,5.0179009437561035,3.693150281906128,6.851357936859131,5.336517333984375,3.2
19,JLEE_3,-0.71886688,-0.794361502,-0.6820962709999999,-0.783643958,0.17149078399999998,-0.7573999779999999,-0.8174026740000001,-0.6945840659999999,-0.803791283,0.299621118,-0.524658604,0.750157097,-0.137680861,-0.720070833,-0.5038754910000001,-0.915715359,-0.516339232,0.622125386,-0.352000694,-0.636895477,6.353116035461426,3.3310844898223877,3.770716905593872,4.690658092498779,3.7917799949645996,6.693723201751709,5.585594177246094,3.2
20,JLEE_1,-0.482392351,-0.794361502,-0.5109031310000001,-0.6196953820000001,-0.454839085,-0.514747982,-0.8174026740000001,-0.559576929,-0.670355554,-0.585571005,0.190648421,1.26307644,-1.031144008,-0.967464063,-1.134762743,-0.585851699,-0.958123145,0.6533537660000001,-0.352544398,0.193450832,6.390279293060303,3.533174991607666,3.8353111743927,4.906723976135254,3.808774471282959,6.720723628997803,5.491293430328369,3.2
21,JLEE_7,-0.8887407820000001,-0.794361502,-0.60052178,-0.112450273,0.457168024,-0.928357772,-0.8174026740000001,-0.606727444,-0.025772864,0.589049194,-0.560883218,0.7046728390000001,0.278464972,1.015203554,-0.7313221320000001,-0.524869766,0.31093845,0.27140665399999997,-0.3810102,-0.15723630800000002,6.300120830535889,3.376957416534424,3.758068084716797,4.653660774230957,3.8150112628936768,6.665371894836426,5.6613898277282715,3.2
22,JLEE_4,-0.606288849,-0.794361502,-1.042788094,-0.9687686320000001,-2.191452239,-0.425601935,-0.8174026740000001,-1.0028639209999999,-0.922529477,-2.3122609990000003,-2.601505816,-0.286908733,-2.041504428,-1.229283724,-1.013150732,-1.4687088959999999,-1.019658868,0.252189189,-0.363133507,-1.06525809,6.346583843231201,3.2941017150878906,3.822991132736206,4.6422014236450195,3.834977626800537,6.685353755950928,5.641218185424805,3.2
23,JLEE_0,-0.059750295,-0.794361502,1.100984473,-0.264664711,0.120971964,-0.10883779699999999,-0.8174026740000001,1.096421457,-0.230723609,0.172896462,-0.146716129,0.930806908,1.361258347,0.6906849070000001,-0.249898276,-0.805062378,-0.772273164,-0.9753263740000001,-0.342595115,-0.5214132370000001,6.221349716186523,3.2094242572784424,3.6765384674072266,4.51267147064209,3.8092048168182373,6.611502170562744,5.6888628005981445,3.2
24,TSIM_6,-0.792675221,-0.087354665,-0.327790295,-0.816878855,-0.869496543,-0.825284751,-0.106359557,-0.38292894299999997,-0.848529214,-1.0256383390000001,-0.197453653,-0.98151675,-0.140007175,-0.287651296,-0.6764525920000001,-0.539502997,-0.6304975429999999,0.39872235799999994,-0.38453513,-0.530489114,7.140573978424072,3.6534175872802734,3.813000440597534,5.119286060333252,3.508826494216919,7.084575653076172,5.665543556213379,3.6
25,TSIM_3,-0.8339425359999999,-0.62464255,-0.9738854309999999,-0.912550485,-0.34947378100000004,-0.86654042,-0.624404368,-1.013719841,-0.943310882,-0.39209414,-0.697977293,-0.8474489209999999,-0.121238051,-0.8067018779999999,-0.180655095,-0.599771465,0.508205295,0.473190034,-0.36938788200000006,-0.993657608,6.812161922454834,3.0824134349823,3.522538423538208,4.546372890472412,3.604426860809326,6.879023551940918,5.977715969085693,3.6
26,TSIM_0,-0.755488204,-0.390931598,-0.7627647059999999,-0.806733901,0.033547368,-0.792671201,-0.388692873,-0.816578483,-0.8561077020000001,-0.13742391699999998,-0.314580087,-0.7891370809999999,0.24063593600000002,-0.975350609,-0.651826965,-0.335984016,-0.858575871,0.266602288,-0.371850652,-0.991068053,6.797873020172119,3.2004828453063965,3.6328940391540527,4.599424362182617,3.627412796020508,6.905757904052734,5.982501029968262,3.6
27,TSIM_1,-0.255935659,0.499837649,-0.04127471,-0.288953162,1.5404042709999999,-0.287192635,0.5814020289999999,-0.030556192000000003,-0.333722914,1.6532000930000001,-0.5951493729999999,-0.9458339790000001,-0.7046670009999999,-0.8979933859999999,-0.653168154,-0.199522803,-0.8798153009999999,0.16811278100000002,-0.274881355,0.34531834200000006,6.953303337097168,3.52329683303833,3.6766674518585205,5.026120185852051,3.5883631706237793,6.981910705566406,5.727897644042969,3.6
28,TSIM_2,0.044932027,0.29313724,-0.940872333,-0.34665307100000003,0.525413579,0.003058563,0.20787802,-0.992133202,-0.421332538,0.328629927,0.343112807,-0.864310262,0.151998089,-0.110923591,-0.70187728,-0.12246264,-0.5100129729999999,0.22816735800000001,-0.024360502000000003,-0.505771406,7.037484645843506,3.7444541454315186,3.903205156326294,5.134039878845215,3.5405032634735107,7.018387794494629,5.555367469787598,3.6
29,TSIM_5,-0.503085743,1.005794353,0.848519989,-0.42200751,0.83915471,-0.5394765020000001,0.9346971190000001,0.711300612,-0.491458086,0.597094329,-0.937822741,-0.90333059,-0.498523868,-0.78703897,-0.567867247,0.48570595200000005,-0.09079904300000001,0.052807992000000005,-0.295933798,-0.304857327,6.9510602951049805,3.483865737915039,3.7383971214294434,4.929488658905029,3.576592206954956,6.999861717224121,5.785037517547607,3.6
30,TSIM_4,-0.9035496709999999,-0.341146031,-1.104247097,-1.000546359,-1.89227297,-0.828130047,-0.164143588,-1.100507223,-0.979741348,-1.916803848,-2.7165277469999998,-1.1518701279999999,-2.053664705,-1.134203579,-0.9799790970000001,-0.976053475,-1.055770525,0.10565602,-0.377556355,-1.097731605,6.859625816345215,2.9500601291656494,3.5575108528137207,4.513914108276367,3.633558750152588,6.891589164733887,6.054054260253906,3.6
31,TSIM_7,-0.330455979,0.441103956,-1.047718784,-0.990279905,0.551591371,-0.376385449,0.506609333,-1.086473459,-1.019470505,0.5813179829999999,-0.7546983429999999,-0.886068836,-0.679289032,-0.944912273,-1.08045513,-1.051980375,0.908486085,0.396320175,-0.36542738799999996,-1.099565223,6.7357378005981445,3.140221118927002,3.584275007247925,4.569728374481201,3.6267619132995605,6.855091094970703,5.989964485168457,3.6
32,PRAC_4,0.28609011300000003,0.506183836,-0.937096025,-0.430735645,-1.3822723140000002,0.759644895,0.935427563,-0.88194863,-0.21088417199999998,-1.105089067,-2.088633166,-1.2004626520000001,-1.5281292480000002,-0.599184213,0.24561007,-0.302730309,-1.6869001030000002,1.342780316,-0.21929990600000002,-0.7008885890000001,6.860701084136963,3.3756203651428223,3.7512478828430176,4.8144941329956055,3.568416118621826,6.982163906097412,5.908205032348633,1.2
33,PRAC_5,1.541999116,2.0244245469999997,0.44915694,0.390774901,0.731855426,1.413750597,1.956461525,0.355415583,0.29803724600000003,0.590111418,0.858215917,-0.7605992229999999,0.39488640799999997,0.041006474,1.790172787,1.8075996069999998,-0.39755386200000004,-1.0834246140000001,1.154195276,0.167268146,6.776593208312988,3.8436367511749268,4.047593116760254,5.107003211975098,3.582362413406372,7.020806312561035,5.471135139465332,1.2
34,PRAC_0,1.35631215,0.504255041,2.287963253,0.042712781,0.051384302,1.280464555,0.44610300700000005,2.095088876,-0.039726208,-0.09550867199999999,0.338277427,-1.086889009,1.4717582569999998,0.551265452,0.2531972,-0.15382020300000002,-0.76881436,0.771060738,0.042028175,-0.872114504,6.733942985534668,3.214453935623169,3.738809585571289,4.626455307006836,3.6335411071777344,6.842529296875,5.849748611450195,1.2
35,PRAC_2,0.936749383,1.437612335,1.792760066,0.26413716,0.9780187459999999,0.879598421,1.358817324,1.5719103269999999,0.109553605,0.793089423,1.521126501,0.130380313,0.569782916,0.24201025,0.014693926999999999,0.246415644,1.241516975,-0.34595440299999997,0.10427058199999999,0.339203125,6.984365940093994,3.5581250190734863,3.756692409515381,5.056951522827148,3.4899895191192627,7.048442840576172,5.711423397064209,1.2
36,PRAC_1,-0.015772399,1.249065951,0.42894792,0.043096314000000004,0.803710548,-0.052590979,1.25230057,0.326896437,0.006509285,0.6080940189999999,0.22664072899999999,-0.523631019,-1.034844962,0.044238535,0.8801531359999999,0.812330529,-0.8741875709999999,0.019177428,0.47023182399999996,0.18853055,6.783586025238037,3.568615674972534,3.7302768230438232,4.984434604644775,3.6138710975646973,6.927765846252441,5.68211030960083,1.2
37,PRAC_3,1.195434739,0.495059097,0.243089177,-0.21219095899999998,0.519549206,1.12350475,0.49778797700000005,0.18772377,-0.246255096,0.45496899999999996,0.387031526,-0.887343793,0.8232982590000001,0.55154137,0.9058746459999999,0.23934144100000002,-0.9849311759999999,1.6718794,0.018913942,-0.178781479,6.786847114562988,3.4500021934509277,3.8396079540252686,4.8343682289123535,3.5885417461395264,6.963910102844238,5.811982154846191,1.2
38,PRAC_6,1.398847172,1.972591007,1.4386210640000001,0.346175571,0.535777451,1.3260721629999999,1.915275759,1.314995323,0.261932467,0.392992047,1.534515012,0.053602980999999994,0.193343032,0.301341303,0.283235475,-0.180974572,0.000241914,-0.300312924,1.692400046,0.253801827,6.968055725097656,3.702125072479248,3.888279676437378,5.210497856140137,3.4937386512756348,7.119268894195557,5.618945598602295,1.2
39,PRAC_7,0.8064392159999999,0.427968054,-0.356074489,-0.40404372200000005,1.3382903590000002,0.7348327570000001,0.44263571,-0.38102130700000003,-0.409227635,1.35212832,0.274116417,-0.97648266,0.042132629000000005,0.616731754,1.5352656530000002,0.227924085,0.252124201,1.5109331330000002,-0.158748103,0.033784053,6.743868827819824,3.5668349266052246,3.989381790161133,4.950911998748779,3.5949459075927734,6.97452449798584,5.668782711029053,1.2
40,VHEN_3,-0.8536911620000001,-0.11091547800000001,-0.8078018640000001,1.3586313509999999,-0.332338097,-0.886092193,-0.079535593,-0.847495703,1.3709581419999999,-0.437099668,-0.932093128,-1.02337179,0.7947744790000001,1.419222965,1.007861997,-0.15554710800000002,-0.383713132,0.5092227810000001,-0.383929614,-0.424377939,7.0116987228393555,3.132002592086792,3.5680549144744873,4.785140514373779,3.5451998710632324,6.985935211181641,5.856083393096924,3.2
41,VHEN_1,-0.694967535,-0.039601622,-0.584301107,-0.7475867559999999,0.24858074600000002,-0.7263819220000001,-0.034937326,-0.638103249,-0.7923517590000001,0.14920071,-0.29505968,-1.110428027,-1.202445304,-1.010048461,-0.984011138,-0.6118171920000001,-0.07163609,0.30984158300000003,-0.372505784,-0.9688237909999999,7.057257175445557,3.378448486328125,3.738718032836914,5.139545440673828,3.475919723510742,6.992572784423828,5.413784027099609,3.2
42,VHEN_0,-0.104789495,-0.544146429,-0.864836387,-0.956977814,-0.837664407,-0.15019110300000002,-0.543586664,-0.918979522,-0.9960828079999999,-0.9994581229999999,-0.546621028,-1.048068339,-0.628903188,-0.738933095,-1.47907194,-0.925224735,-1.061579422,0.434755104,-0.310408762,-1.083193211,6.5984601974487305,2.9642107486724854,3.5236523151397705,4.5006608963012695,3.6467337608337402,6.776799201965332,5.867103576660156,3.2
43,VHEN_6,-0.663439117,-0.220911334,-1.016341996,-0.9217943590000001,-0.895490992,-0.69715262,-0.223000106,-1.061863226,-0.9583894159999999,-1.0272368170000001,-0.643387057,-1.212529991,-0.575979547,-1.09317951,-0.50483213,-0.962892125,-1.0317696570000001,0.187330245,-0.377907679,-0.937770873,7.097077369689941,3.3331146240234375,3.8646316528320312,5.020263671875,3.5288283824920654,7.0342817306518555,5.548646926879883,3.2
44,VHEN_2,-0.44588131799999997,0.103066327,-0.9627360090000001,-0.368894609,0.43169291200000004,-0.48455704200000005,0.044358983,-1.018277023,-0.44568192700000003,0.282756965,-0.7256075359999999,-1.1842663340000001,-0.30575704,-0.06565755599999999,-0.93741937,-0.484489716,-0.746242792,0.420342006,-0.361663665,-0.834647218,7.108705043792725,3.3841488361358643,3.923234224319458,5.084412574768066,3.5393950939178467,7.081685543060303,5.588383674621582,3.2
45,VHEN_4,-0.614248491,-0.688766665,-1.0060807379999999,-1.034028727,-1.698805067,-0.433857321,-0.650319405,-0.973396991,-1.01978222,-1.628252908,-2.7460516310000003,-1.298542222,-2.159670599,-1.189543387,-1.088522083,-1.216075741,-1.262501404,-0.014453135,-0.382645055,-1.1452661020000001,6.927181243896484,2.917226552963257,3.4793620109558105,4.591113090515137,3.5481057167053223,6.892533302307129,5.914254188537598,3.2
46,VHEN_5,-0.320693259,0.161526681,-0.710279227,-0.882911661,0.791068147,-0.36312835,0.147322925,-0.768920154,-0.92639765,0.620145153,-0.61514549,-1.093635104,-0.707627765,-1.044099565,-0.141234453,-0.561044789,-0.825215351,0.189732428,-0.35534455,-0.8721853340000001,7.197081089019775,3.2783024311065674,3.6600284576416016,4.991808891296387,3.4278488159179688,7.084498405456543,5.587374687194824,3.2
47,VHEN_7,-0.48449350700000005,-0.08778655699999999,-0.70383481,1.318620581,0.476747804,-0.526780489,-0.041032196,-0.735048785,1.295783057,0.492887088,-0.8496563140000001,-1.046308934,0.46298396,1.4045932319999999,-0.45634155299999996,-0.35775211,0.427944835,-0.920076163,-0.37166288299999994,-0.14329562699999998,6.982949733734131,3.0527498722076416,3.557593584060669,4.7147016525268555,3.5434346199035645,6.96761417388916,5.893925666809082,3.2
48,BAND_6,0.5707871179999999,-0.794361502,-0.29819145199999997,0.436545003,-1.361344614,0.536189714,-0.8174026740000001,-0.116481316,0.6359974660000001,-1.263841844,1.774968277,0.20071185,-0.16987916,-0.29557564199999997,1.452320434,-0.178959139,1.253638101,0.225765175,1.405390423,-0.23611796399999999,6.447747707366943,3.818897247314453,3.9049949645996094,4.782422065734863,3.6321144104003906,6.909932613372803,5.5970964431762695,1.8
49,BAND_3,2.608769702,-0.639498597,0.016828085,0.44897803299999994,-0.38339227200000003,2.454763837,-0.585210974,0.421867723,0.8176527159999999,0.21288868600000002,0.8945970609999999,-0.16284784900000002,0.019688986999999998,0.6951784870000001,0.877169557,-0.31830882,0.342061522,0.7326258090000001,0.38595361799999994,0.032810123999999996,6.103872299194336,3.540348529815674,3.721284866333008,4.511653900146484,3.758392810821533,6.659211158752441,5.767058372497559,1.8
50,BAND_7,3.5095902860000003,-0.794361502,0.084955373,0.387294329,-1.5082101330000002,3.3610409810000004,-0.8174026740000001,0.704160824,1.060940305,-1.172541686,0.90263114,-0.48107468,-1.0031225000000001,-0.11638809800000001,4.519592381,-0.424334637,0.7516938040000001,0.7854738370000001,0.109204485,-0.77427539,6.126397132873535,3.6332035064697266,3.7321135997772217,4.615557670593262,3.7708582878112793,6.670802116394043,5.690253257751465,1.8
51,BAND_0,0.339811208,-0.794361502,-0.335492759,-0.264212204,-1.652690915,0.283917353,-0.8174026740000001,-0.038689383,0.059383575999999993,-1.5053526469999998,1.032800124,-0.405859267,-1.114679825,-0.380498546,0.11406331,0.17346925,0.5500552089999999,1.494117851,0.5296909879999999,-0.661120656,6.009795188903809,3.873319149017334,3.8381705284118652,4.732410430908203,3.877683639526367,6.699182033538818,5.6956377029418945,1.8
52,BAND_5,-0.424852775,-0.794361502,4.808705345,-0.167045033,1.0691861059999999,-0.45939944299999996,-0.8174026740000001,4.6017448089999995,-0.188452187,1.009530616,1.3584172890000001,1.090580387,2.85231981,0.00867445,1.275737895,3.05515332,0.040611085,-0.141768839,-0.012478727,-0.265531728,6.109959125518799,3.8130240440368652,3.954404830932617,4.627519607543945,3.7987465858459473,6.719907283782959,5.589067459106445,1.8
53,BAND_4,1.157824342,-0.794361502,-0.8891654529999999,-1.060878,-0.471616827,1.9236782030000001,-0.8174026740000001,-0.803447134,-1.05993965,0.064531849,-2.0005215119999997,-0.384602447,-0.7252866020000001,0.036276183,0.251564468,0.372643244,-0.661648993,1.124181654,0.5173443670000001,-1.0329416759999999,6.469727516174316,3.6402478218078613,3.7562572956085205,4.740431785583496,3.603472948074341,6.880826473236084,5.68287992477417,1.8
54,BAND_2,0.21958897600000002,-0.794361502,0.9551901620000001,2.0822789569999998,0.7176573629999999,0.17930731100000002,-0.8174026740000001,0.785286658,1.735559144,0.486632313,1.78126568,1.3488468980000001,1.093732249,0.3836098,0.183439701,1.08678411,1.429046871,-0.14417102199999998,2.570096749,1.825703714,6.539328098297119,3.6375937461853027,3.9479594230651855,4.726441383361816,3.6227993965148926,6.903594017028809,5.617220401763916,1.8
55,BAND_1,-0.389325914,-0.794361502,-0.009058403000000001,-0.523747551,2.688990463,-0.41890316,-0.8174026740000001,-0.048951870999999994,-0.5358881329999999,2.758111495,0.803718371,1.473138791,0.082843122,-0.155588261,1.516747874,2.359426052,0.570389555,0.482798766,0.615803819,-0.21000334899999998,6.0690131187438965,3.9197890758514404,4.032294273376465,4.686156749725342,3.829343318939209,6.712586879730225,5.5564799308776855,1.8
56,NJAT_0,-0.185028042,0.619711125,-0.165698504,-0.7742900359999999,-0.295158242,-0.22921885600000003,0.655455291,-0.21779341100000002,-0.791025335,-0.403515511,0.031947441,-0.958006516,-0.321618271,1.537469481,-0.347973211,-0.319226243,1.107194648,0.16090623099999998,-0.374652806,-0.7425127140000001,6.401721000671387,3.1841225624084473,3.6908888816833496,4.572755813598633,3.749948024749756,6.755032539367676,5.78558874130249,2.2
57,NJAT_6,0.20813767,0.318694105,-0.68038339,-0.49203757200000003,-0.68568343,0.153188791,0.279266385,-0.730992271,-0.539459215,-0.858441978,-0.20409402100000001,-0.9498714229999999,-0.327275443,-0.272700659,0.302442888,-0.10473781199999999,-0.332117341,0.285819752,-0.089683501,-0.404689765,6.826876640319824,3.4751944541931152,4.024167060852051,5.066727638244629,3.6979637145996094,6.978909492492676,5.439713001251221,2.2
58,NJAT_1,0.160408658,0.09447968300000001,-0.09175372300000001,-0.52296191,1.1400568640000002,0.12181233300000001,0.105724527,-0.160435915,-0.576466327,1.021084285,-0.606419947,-1.01917653,-0.98118113,-0.870619422,-0.723352068,-0.212492213,0.7628730990000001,0.48760313299999997,-0.356003807,-0.91273867,6.7436981201171875,3.4206974506378174,3.918788433074951,4.906519412994385,3.6901657581329346,6.925168514251709,5.506006240844727,2.2
59,NJAT_4,-0.668363409,-0.464922255,-0.886000757,-0.909297094,-1.689410495,-0.505869129,-0.326373284,-0.815725369,-0.86163279,-1.6132457059999998,-2.286013111,-1.118452849,-1.935498533,-1.176238579,-0.524094242,-1.116474389,-0.7671125870000001,0.06241672400000001,-0.356691508,-1.08201293,7.318547248840332,3.1635570526123047,3.7576470375061035,5.127062797546387,3.4410786628723145,7.159482002258301,5.433323860168457,2.2
60,NJAT_7,-0.818002722,1.283011748,-0.482990342,-0.84693097,-0.850694058,-0.8548356690000001,1.367931302,-0.5148874720000001,-0.880574317,-0.97494261,-0.366759485,-0.7624795209999999,-0.417578719,-0.8822275940000001,-0.967128146,-0.6578445470000001,-0.48266680799999995,0.5308424279999999,-0.37326112,-0.580741686,7.069522857666016,3.507728099822998,3.7343039512634277,5.123291015625,3.5256290435791016,7.106825351715088,5.534241199493408,2.2
61,NJAT_3,1.88130745,0.8278491570000001,-0.549687326,-0.5405803889999999,-0.9818446820000001,1.742461263,0.843537165,-0.586001115,-0.5654123670000001,-1.139048761,-0.025287485,-0.855953612,0.385475411,-0.34972942,0.138304502,-0.21220545899999999,0.545839804,0.65575595,2.654680522,-1.045741829,6.614214897155762,3.527837038040161,3.871873378753662,4.859109878540039,3.7349143028259277,6.911763668060303,5.654074668884277,2.2
62,NJAT_5,-0.008006181999999999,0.5989251879999999,-0.155203036,-0.146013687,1.137198372,-0.062577185,0.543525712,-0.24917176300000002,-0.26057715600000003,1.041075435,-0.356288889,-0.7837054840000001,-0.262297267,-0.788050785,-0.577683462,0.800200542,-0.168046992,-0.982532924,-0.22863004,-0.050886667999999996,6.677828311920166,3.852133274078369,4.033519744873047,5.236073970794678,3.8271052837371826,6.9156036376953125,5.394833564758301,2.2
63,NJAT_2,0.503898951,0.604656414,-0.041492489,0.293601684,1.98290098,0.423939716,0.529532885,-0.121096381,0.18890142699999998,1.842037629,0.008815248000000001,-0.37566041,0.44498675,1.036545088,-0.555119265,0.16529972,-0.03567061,-1.626317994,0.45401968,-0.095650347,6.454644203186035,3.600989580154419,4.08972692489624,4.911182880401611,3.792499542236328,6.676303863525391,5.33037805557251,2.2
64,DANI_2,-0.499027093,1.046498564,-0.330011509,0.40889775100000003,1.040647202,-0.533000474,0.902243081,-0.418223821,0.241490145,0.8852457,1.0134210240000001,-0.545348783,-0.27556783,0.274360751,-0.177062948,0.034057612,1.4387907169999998,0.146493133,-0.244886374,0.12242961,6.762783050537109,3.419745922088623,3.8253815174102783,4.717866897583008,3.6263744831085205,6.926153659820557,5.889551162719727,2.8
65,DANI_4,-1.0071827,1.6628254269999998,-0.5515225970000001,0.786761798,-0.9270659729999999,-0.984567767,2.323424949,-0.356030907,1.4315715169999998,-0.568168336,-1.698663339,-1.025656191,-1.5619665409999999,0.607937116,-0.7146659120000001,-0.184380054,-0.69777556,-0.281095459,0.17834007300000002,-0.9311574090000001,6.33953332901001,3.1925230026245117,3.6166024208068848,4.373081207275391,3.7885425090789795,6.704493045806885,6.0339250564575195,2.8
66,DANI_6,-0.19127049999999998,0.700442937,0.20573568600000003,0.147366843,0.910707081,-0.225847257,0.667440157,0.16327782300000002,0.078155135,0.8211427490000001,0.954594032,-0.69717216,0.866758033,0.630769682,1.052209183,1.107347308,1.980062464,0.295428485,-0.15739139,0.049036035,6.782684326171875,3.413527250289917,3.7399697303771973,4.669872760772705,3.5973193645477295,6.928343772888184,5.8554863929748535,2.8
67,DANI_0,0.927629892,1.583278844,0.822670131,0.007573361,-0.319752716,0.8592945559999999,1.572365569,0.676984655,0.00220889,-0.528429394,0.502648005,-0.626474526,0.816953767,1.777115081,-0.669949048,0.5376558610000001,0.228242261,-0.040877149,0.12354516,0.382352276,6.399667263031006,3.227647066116333,3.6631674766540527,4.397351264953613,3.783766984939575,6.724562644958496,6.008701324462891,2.8
68,DANI_5,0.23035086800000001,1.572820775,0.159587399,2.144502484,0.384770991,0.183593573,1.513165153,0.07581528400000001,1.862749629,0.223753757,0.989022735,-0.6845423620000001,-0.02844985,0.237144432,1.291454186,1.342030186,1.4491856269999999,0.134482217,-0.064439341,0.460245246,6.544620513916016,3.550114393234253,3.851217269897461,4.654270172119141,3.722033977508545,6.854730129241943,5.844058990478516,2.8
69,DANI_7,1.167284404,1.461508118,1.292099465,0.9177329240000001,1.179985205,1.077833001,1.4307949430000002,1.306899263,0.8487121209999999,1.093686328,0.792092949,-0.830692247,0.576656116,1.145775166,0.18794087,0.654943508,1.743144679,1.561378978,0.332308504,0.6600695320000001,6.239529609680176,3.3156726360321045,3.652399778366089,4.408926486968994,3.7997379302978516,6.677816867828369,6.005704879760742,2.8
70,DANI_3,1.154623791,2.1336818109999998,-0.843541278,-0.667437967,0.67925151,1.075573416,2.147971708,-0.873807645,-0.662828698,0.6587932870000001,0.697117338,-0.7233856740000001,0.61260824,0.6063717160000001,0.8242987629999999,-0.072063137,1.1737773459999998,1.77277109,-0.10104139699999999,1.317281435,6.2197184562683105,3.339318037033081,3.668914794921875,4.404720306396484,3.8313469886779785,6.678934574127197,6.008790016174316,2.8
71,DANI_1,0.005975698000000001,0.7121226959999999,0.804926246,0.7682193140000001,2.083495596,-0.027521194,0.6918900920000001,0.701465845,0.650944489,1.97428214,0.584424094,-0.745491146,-0.10194022,1.2329586270000001,1.017379592,0.7489191409999999,-0.066734439,0.201743344,-0.124149971,1.252926432,6.719862461090088,3.288792133331299,3.649519443511963,4.594546318054199,3.5866103172302246,6.885854244232178,5.827223777770996,2.8
72,MPUR_3,-0.7950542279999999,-0.029450526,-0.670363196,-0.336624087,-0.705531846,-0.827682658,0.022271118,-0.696793805,-0.307764808,-0.791586597,-0.738589646,0.407060594,0.264797878,0.828972075,-0.355464688,-0.547409995,0.119969491,1.347584682,-0.37482957899999997,-0.579421107,6.490945339202881,3.396495819091797,3.6637344360351562,4.739931106567383,3.719273090362549,6.818285942077637,5.78679895401001,2.0
73,MPUR_6,-0.811495595,-0.794361502,1.304323887,1.4737849680000001,0.79670824,-0.8425408209999999,-0.8174026740000001,1.1704166790000001,1.38567635,0.700134643,0.533898711,0.495628071,0.102934015,0.304127052,-0.561252958,0.127695345,-0.565930947,0.36268961200000005,-0.359733445,0.7269821540000001,6.7888078689575195,3.6548030376434326,3.8713583946228027,5.114634990692139,3.5529162883758545,6.992884159088135,5.387178897857666,2.0
74,MPUR_0,-0.8713356720000001,-0.634343832,-0.998186138,-0.9957840259999999,-1.166486353,-0.90379781,-0.640725058,-1.048452334,-1.0345810640000002,-1.365552614,-1.274620336,-1.42509604,-0.709213888,-1.035864407,-0.860280704,-0.663545643,-0.276794301,0.285819752,-0.36699993200000003,-1.108037157,6.528731346130371,3.2513229846954346,3.7613556385040283,4.623773574829102,3.7051398754119873,6.790670871734619,5.802203178405762,2.0
75,MPUR_1,-0.638022151,-0.510238191,-0.8237140359999999,-0.981446017,0.449419419,-0.6689974639999999,-0.51251676,-0.87956048,-1.016717122,0.33928076799999995,-1.14585958,-1.374797276,-1.182618765,-1.021952218,-1.196169503,-0.801319846,-0.271310681,0.09604728800000001,-0.34517368,-0.9794553540000001,6.869987487792969,3.330409288406372,3.860046863555908,4.833813667297363,3.5693347454071045,6.938393592834473,5.6666059494018555,2.0
76,MPUR_2,-0.533385756,-0.794361502,0.377337518,0.576796916,0.726199765,-0.566616102,-0.8174026740000001,0.250791091,0.397693901,0.533295229,0.547694408,1.2442778270000001,0.439985175,-0.587344677,-0.850944675,0.097026979,-0.642753901,0.069623273,-0.359536304,-0.10497815099999999,6.787331581115723,3.7716736793518066,3.818143367767334,5.256832599639893,3.623176097869873,6.966732978820801,5.438500881195068,2.0
77,MPUR_7,-0.848228973,0.709699236,-0.7286994309999999,-0.26978136399999997,0.15390135,-0.8847649890000001,0.787530112,-0.7504507420000001,-0.231177403,0.163708288,-0.35593330100000004,0.289512551,-0.053034758,0.697061343,-0.622271271,-0.663688104,0.100446903,1.16742095,-0.366118257,-0.603933925,6.412327766418457,3.3557727336883545,3.7078468799591064,4.6698408126831055,3.757310152053833,6.7625837326049805,5.8070831298828125,2.0
78,MPUR_5,-0.275024316,-0.794361502,-0.65849467,-0.8870419970000001,0.161769199,-0.320111286,-0.8174026740000001,-0.7167050079999999,-0.932640355,-0.012130213999999999,-0.40513769899999996,0.8725107609999999,-0.5545510229999999,-1.080906668,0.347125505,0.034473492,-0.635334484,0.502016231,-0.279389952,-0.23148206,6.670359134674072,3.4292473793029785,3.744779109954834,5.04175329208374,3.621407985687256,6.861690521240234,5.473557472229004,2.0
79,MPUR_4,-0.819956476,-0.18441769600000002,-0.999754072,-0.825836848,-1.516848807,-0.7166357170000001,0.07874519,-0.9506500790000001,-0.723469481,-1.270056105,-2.73138061,-0.48646488600000004,-1.6994305440000002,-0.887679557,-0.9968097,-1.282037532,-1.163971915,0.569277358,-0.388690834,-0.9831866140000001,6.589575290679932,3.209573268890381,3.7103304862976074,4.655793190002441,3.7307662963867188,6.812361240386963,5.953502655029297,2.0
80,ADIZ_3,-0.418029717,0.923063402,-0.643196739,-0.977003002,-1.235328589,-0.41078338799999997,0.9107179679999999,-0.680978069,-1.008248835,-1.365266817,-0.703715695,-0.875903235,-1.054988725,-1.148601369,-0.6946213170000001,-0.993334996,2.910482923,0.247384823,-0.359192835,0.859981777,6.936906337738037,2.89392352104187,3.4653480052948,4.502748489379883,3.499786376953125,6.863965034484863,5.977106094360352,4.2
81,ADIZ_2,-0.312916832,0.9876031040000001,-0.873357035,-0.8793607859999999,-0.631514102,-0.305519441,0.9144973809999999,-0.919434014,-0.9205520209999999,-0.752876222,-0.6583681029999999,-0.8857431490000001,-0.890481324,-1.008913555,-0.454874567,-1.048846046,2.376920869,0.240178273,-0.37887386700000003,-0.657888258,7.135400295257568,2.920876979827881,3.56315541267395,4.5755815505981445,3.431805372238159,6.956169128417969,5.955511093139648,4.2
82,ADIZ_0,-0.778623765,0.318694472,-0.821157963,-0.83352509,-1.034670554,-0.782454923,0.32889764899999996,-0.860997682,-0.873673955,-1.151677676,-0.699629127,-0.862063923,-0.6560258929999999,-1.065938727,-0.955382898,-0.881898108,2.19331459,-0.038474966,-0.367307744,0.25226490100000004,6.607860565185547,2.9715142250061035,3.529808759689331,4.409249305725098,3.6280739307403564,6.746415615081787,5.969698429107666,4.2
83,ADIZ_1,-0.43883521700000006,0.68637853,-0.49229260399999997,-0.45968231600000004,-1.4957006590000002,-0.43232155,0.698251042,-0.5339322470000001,-0.498324172,-1.687120217,-0.103391814,-0.9071793429999999,-0.8668480890000001,-0.692767096,-0.959786406,-0.650689806,2.403997103,0.002362147,-0.36235835299999997,0.735708358,6.869223594665527,3.0640456676483154,3.565199613571167,4.55332088470459,3.5264477729797363,6.902845859527588,5.996156215667725,4.2
84,AONG_3,0.31914063600000003,0.045406694000000004,-0.57399225,-0.401607173,0.065955351,0.34646309200000003,0.046505799,-0.6115892479999999,-0.46811619200000004,0.008981885,-0.634195553,-1.268310854,0.047292815999999994,-0.884039221,-0.5928640070000001,0.679182195,-0.92214226,-0.19701905,-0.302993953,-0.902648522,7.289027214050293,3.4913432598114014,3.9241321086883545,5.104001045227051,3.3521924018859863,7.090538024902344,5.431955337524414,4.0
85,AONG_2,-0.624352927,-0.07104346,-0.535575232,-0.345427741,-0.33764096899999996,-0.629765056,-0.09063486,-0.567698633,-0.41567392200000003,-0.38813569700000006,-0.282484012,-1.269183542,0.149777517,-0.891879158,-0.7088603590000001,-0.737427451,-0.7433004120000001,-0.285899825,-0.35420016,-0.878436375,7.293923377990723,3.3978323936462402,3.969702959060669,5.0950469970703125,3.369593381881714,7.125723361968994,5.442467212677002,4.0
86,AONG_0,6.013389908,-0.126855901,-0.822213467,-0.63987207,-0.6901324609999999,5.9712210720000005,-0.129541771,-0.862002143,-0.6871333359999999,-0.7807326590000001,-0.312919185,-1.24130767,0.733100725,-0.931589041,-1.6171722590000002,0.238535727,2.824641778,-0.151377572,3.7053099389999997,-0.8924661209999999,6.840079307556152,3.5434303283691406,3.944859027862549,4.854808807373047,3.5563201904296875,6.935596466064453,5.51293420791626,4.0
87,AONG_1,-0.48462943799999997,0.164574615,-0.865010416,-0.603578659,-0.629061529,-0.480213371,0.126081622,-0.905955559,-0.656653639,-0.6974578220000001,-0.679590589,-1.294865039,-0.415199534,-0.8978820479999999,-0.552181232,-0.395742359,-0.877130758,-0.153779755,-0.299966603,-0.74595542,7.318357944488525,3.49904203414917,3.9775333404541016,5.019955158233643,3.286146640777588,7.185484409332275,5.445758819580078,4.0
88,SAMF_0,-0.94111131,-0.794361502,2.362560532,3.3173056869999997,0.093612255,-0.954981878,-0.8174026740000001,2.2156833519999997,3.067955275,-0.021591178,-0.425476495,1.235195801,0.344817789,0.149361465,0.567429587,0.380351205,-1.046443745,-0.105736093,-0.381758634,1.340379386,6.534657955169678,3.051321506500244,3.6308465003967285,4.686295509338379,3.6469173431396484,6.709706783294678,5.417519569396973,3.2
89,SAMF_2,-0.566221558,-0.794361502,-0.21184610899999998,0.040296626,0.371329106,-0.567572404,-0.8174026740000001,-0.211838377,0.0052957690000000005,0.45742024600000003,0.047042842,0.9715331070000001,-0.40515408799999997,-0.884435333,-0.542094704,-0.7593810990000001,-1.011718415,0.048003625999999994,-0.37011260799999995,-0.44203632299999995,6.7845048904418945,2.978332281112671,3.642134189605713,4.837036609649658,3.5361416339874268,6.852129936218262,5.192656517028809,3.2
90,SAMF_1,-0.74295588,-0.794361502,-0.480069652,-0.463184507,-0.136237558,-0.752361518,-0.8174026740000001,-0.498993653,-0.48642880899999996,-0.162927194,-0.016498485,0.949805417,-0.676909847,-0.420737026,-0.16980498800000002,-0.604121293,-0.744460395,-0.033670599999999995,-0.361852709,0.222867927,6.361151218414307,3.157935857772827,3.7055740356445312,4.686805725097656,3.7386727333068848,6.748264312744141,5.419065475463867,3.2
91,SAMF_3,-0.7614145840000001,-0.794361502,-0.29147022,-0.376083675,0.020933922,-0.772657794,-0.8174026740000001,-0.264683636,-0.37242849299999997,0.112391811,0.467370231,0.849182435,-0.816594422,-0.533369388,-0.016589264,-0.8448545,-1.1644663579999999,-0.13456229,-0.353048364,0.108796319,6.928733825683594,3.0994811058044434,3.6221542358398438,5.019041538238525,3.5289196968078613,6.913851737976074,5.0360002517700195,3.2
92,MICH_0,-0.12290262099999999,2.223505746,0.321834577,1.248347736,0.036571464,-0.082878431,2.216911294,0.335916745,1.0916023879999999,0.011381546999999999,0.154024768,-0.380133984,2.191382311,0.114143193,0.039189758,0.34189344299999996,0.350799769,-0.420422079,-0.283655961,-0.422098531,6.806295871734619,3.0175490379333496,3.4859061241149902,4.534456729888916,3.5176632404327393,6.819113731384277,5.817845821380615,4.6
93,MICH_3,0.000972773,3.360609932,2.2448951580000003,3.339616571,0.27135518399999997,0.027594462,3.5288207610000004,2.407098976,3.448120906,0.38913182399999996,0.120345273,-0.419651592,0.391872774,0.229110923,-0.426335189,1.29077214,0.824743983,0.254591372,-0.28059392899999996,-0.033309309,7.070560455322266,3.1560750007629395,3.4369843006134033,4.830862522125244,3.427828311920166,6.91675329208374,5.646954536437988,4.6
94,MICH_2,-0.942369696,1.474619127,0.176613032,1.626034723,0.762500205,-0.96544836,1.5609760609999999,0.189403458,1.645207638,0.8761994540000001,0.213154087,-0.6911192270000001,-0.141593298,0.127377089,-0.322738,0.468592905,1.457952312,0.146493133,-0.35983141399999996,3.747406318,7.207475185394287,3.0832583904266357,3.5893349647521973,4.827107906341553,3.4009623527526855,7.0043816566467285,5.706812858581543,4.6
95,MICH_1,-0.312710777,2.90569338,2.31421653,1.935930031,0.652652962,-0.301776628,2.5780243609999998,2.249844897,1.850352166,0.673892506,0.410677875,-0.418014778,0.62910392,0.131931632,-0.43628778700000004,1.043844552,1.5542767640000001,-0.393998065,-0.28027215699999997,1.00495947,6.899311065673828,3.0904600620269775,3.5192151069641113,4.61198091506958,3.4813358783721924,6.870707035064697,5.769100189208984,4.6
96,KARI_3,1.30327965,-0.794361502,2.8023105619999997,2.135739413,-0.07717088,1.386498365,-0.8174026740000001,2.94422153,2.16752035,0.028882493,0.7803153340000001,1.41501954,0.173780847,0.994206513,1.5887239519999998,0.9484846990000001,1.562176045,-0.81678229,0.135593987,2.302540034,6.340354919433594,3.525606155395508,3.8697667121887207,4.759079933166504,3.741884231567383,6.764349937438965,5.667933464050293,1.2
97,KARI_1,0.40973858700000004,-0.794361502,0.859783772,0.152503729,-0.672700269,0.457489896,-0.8174026740000001,0.9650100620000001,0.17072498600000002,-0.6254479470000001,0.44066981899999996,1.3804377140000001,0.395309374,-0.023623044,1.4089934469999998,0.059529542000000005,0.43067569299999997,-0.40841116299999997,-0.19435046600000003,2.6782164330000002,6.333335876464844,3.6251468658447266,3.911881685256958,4.836047649383545,3.809128522872925,6.775526523590088,5.678079128265381,1.2
98,KARI_0,-0.144645565,-0.794361502,1.99886357,0.895130847,-0.062541,-0.10726559699999999,-0.8174026740000001,2.0894677930000003,0.9081962929999999,-0.023349036,-0.13569856800000002,1.125073088,1.255463936,0.581729095,4.683610992,0.372448412,-0.413000098,-0.170595036,-0.331680786,2.441420842,6.292914390563965,3.5223021507263184,3.8481922149658203,4.759541034698486,3.7848918437957764,6.707772731781006,5.703129768371582,1.2
99,KARI_2,-0.084504527,-0.794361502,0.181191632,4.145556979,-0.35172314,-0.058946896,-0.8174026740000001,0.20393593899999998,4.085986576,-0.365133149,0.773376453,1.13694375,1.161935543,1.772511241,1.8044011130000002,-0.296522206,0.69124855,-0.46366137399999996,0.097359401,2.249603326,6.386096000671387,3.4279160499572754,3.8225388526916504,4.700289726257324,3.7195916175842285,6.776022911071777,5.765959739685059,1.2
100,ITAN_3,0.5919409170000001,-0.794361502,1.9083972409999999,2.4221218230000003,0.66727282,0.66452243,-0.8174026740000001,2.061623928,2.50070285,0.883983387,0.595548037,1.3357700000000001,0.330912776,0.8811460609999999,0.458949255,1.9870128919999999,-0.847625442,0.5764839070000001,-0.305237053,-0.436754542,7.439825534820557,3.2930665016174316,3.578638792037964,5.3387298583984375,3.425474166870117,7.1160125732421875,4.64289665222168,3.0
101,ITAN_0,-0.86899294,-0.794361502,-0.557883344,-0.7769083170000001,0.561477167,-0.883810199,-0.8174026740000001,-0.507477307,-0.732514815,0.92152945,0.29944686600000003,1.396390524,0.528596586,0.777647607,-0.791319276,1.268231195,-0.6725387740000001,0.75664764,-0.35771626100000004,-0.7721776909999999,7.077756404876709,3.262127637863159,3.5621180534362793,5.08770227432251,3.5487265586853027,6.9573493003845215,4.8180718421936035,3.0
102,ITAN_1,-0.304341945,-0.794361502,0.05786314,-1.0140077920000001,1.9667443709999999,-0.28848107100000003,-0.8174026740000001,0.005863255,-1.049216452,2.184889756,0.769594441,2.385450433,1.0574629009999998,2.451074546,-0.721837005,3.8782421410000003,-0.928998462,-1.059402783,-0.38037454,-0.766191277,7.377140045166016,3.395246982574463,3.6026973724365234,5.3713698387146,3.4517569541931152,7.119464874267578,4.458981990814209,3.0
103,ITAN_2,-0.7494543690000001,0.177456488,-0.41106869799999995,-0.303067912,-0.117578899,-0.7605265040000001,0.19256236399999999,-0.453701167,-0.319596795,-0.13437274400000002,0.46818603799999997,0.17850012699999998,1.9285617119999998,5.372905076,-0.408320003,4.009968565,-0.6962558040000001,-2.3854078530000002,-0.286443086,-0.47442207399999997,7.523024559020996,3.350098133087158,3.589010715484619,5.396399974822998,3.4729721546173096,7.097652435302734,4.407947540283203,3.0
104,DAVI_2,0.077638839,-0.794361502,0.268959297,-0.194699044,1.5120586169999999,0.10483382,-0.8174026740000001,0.255630319,-0.24450827600000002,1.6726061,0.631360939,1.146988098,1.1933936509999998,-0.42764203700000003,1.4583987980000002,-0.32639214899999996,-0.327618307,-0.403606797,-0.28118024,1.25020248,6.560784339904785,3.3957812786102295,3.8618454933166504,4.861922264099121,3.6141161918640137,6.89884090423584,5.590437412261963,1.2
105,DAVI_3,0.5779568,-0.794361502,-0.008334274000000001,0.337784679,0.19542370399999998,0.635932383,-0.8174026740000001,-0.020297844,0.310887293,0.213262509,0.871928189,1.216431679,0.24082098300000002,-0.198050833,0.384918098,0.667923136,-0.468469267,-0.283497642,-0.0051063440000000005,2.8734876039999997,6.667725563049316,3.2386043071746826,3.8128623962402344,4.876411437988281,3.639904022216797,6.8282599449157715,5.378421783447266,1.2
106,DAVI_1,-0.7781471209999999,0.012714536,1.402864533,1.757902893,0.475448611,-0.790534553,0.120543063,1.52155097,1.770725555,0.7084315379999999,0.30495664699999997,1.045342346,0.073590737,0.212424657,-0.058064837,-0.010396826,-0.04535194099999999,-1.278001445,-0.351851003,2.138683926,6.410210609436035,3.364406108856201,3.8349862098693848,4.666954517364502,3.657611846923828,6.796812534332275,5.565915107727051,1.2
107,DAVI_0,-0.67709313,-0.794361502,0.5578879760000001,0.17137021600000002,1.046577665,-0.6759606709999999,-0.8174026740000001,0.514666494,0.12985247800000002,1.1087408159999999,0.071158077,0.555615179,0.976200527,0.098457863,0.7367431059999999,0.314972604,-0.880959536,-0.192214684,-0.380931129,2.277409682,6.598350524902344,3.285396099090576,3.8410377502441406,4.802519798278809,3.6097824573516846,6.8486528396606445,5.446887493133545,1.2
108,ZHIY_3,0.631739859,-0.794361502,0.49712379799999995,-0.492040895,-0.770727741,0.678371498,-0.8174026740000001,0.48416349299999994,-0.524651466,-0.926200307,0.29439549,1.183256367,-0.326852477,-0.7943156020000001,-0.069205036,-0.185640392,-0.17191554399999998,-0.300312924,0.37088873299999997,0.17521274,6.412334442138672,3.0130178928375244,3.7184791564941406,4.649279594421387,3.7527554035186768,6.666121482849121,5.291630744934082,2.6
109,ZHIY_1,-0.175720192,-0.794361502,-0.222495141,-0.15234872800000002,-0.09537539800000001,-0.158453706,-0.8174026740000001,-0.23233640600000002,-0.114580621,-0.072112716,-0.102809514,1.033501834,-0.477587043,0.24497459800000002,0.113179802,0.022038227,-0.886496704,0.021579612,-0.32685313,0.910951513,6.161890506744385,3.172260046005249,3.7956738471984863,4.5819196701049805,3.865675687789917,6.637412071228027,5.342800140380859,2.6
110,ZHIY_2,0.05286081,-0.794361502,-0.8640749329999999,-0.8732955840000001,-0.8912644909999999,0.08481181199999999,-0.8174026740000001,-0.9110534920000001,-0.9112428440000001,-1.052198155,-0.008897727,1.372367555,0.495499484,-1.026755182,-0.346049625,-0.7205276890000001,-0.5879323320000001,-0.18741031800000002,-0.297695342,-0.9060421890000001,6.423863887786865,3.2986526489257812,3.7914340496063232,4.755049705505371,3.7161667346954346,6.770791530609131,5.43275785446167,2.6
111,ZHIY_0,0.329255827,-0.794361502,-0.122495084,-0.034016869,-0.564855584,0.40482041799999996,-0.8174026740000001,-0.112511849,-0.068055728,-0.639991613,-0.288006781,0.97824001,-0.21714562899999998,-0.786562832,-0.212244442,-0.574434651,-1.2002539909999999,0.201743344,-0.279929628,0.814436031,6.266678333282471,3.2980048656463623,3.7782769203186035,4.6667304039001465,3.799517869949341,6.660844326019287,5.434967517852783,2.6
112,SPUR_1,0.188740646,0.53756526,-0.7714043279999999,-0.280660344,1.5414614430000002,0.226672978,0.515569734,-0.823963456,-0.32822692800000003,1.4384756840000001,-0.7630817870000001,-1.07274655,-0.506179556,-0.10055720800000001,-0.35732384899999997,-0.6964237590000001,-0.64674949,-0.081714262,-0.346367893,0.342198292,6.964051723480225,2.945436954498291,3.651343584060669,4.52543830871582,3.535334825515747,6.956557273864746,6.046557903289795,3.0
113,SPUR_3,0.110977933,0.508415012,-0.918884116,-0.953706898,-1.121922102,0.14829414300000002,0.485406591,-0.9685519359999999,-0.989973335,-1.302454309,-0.719480265,-1.034202075,-1.036246037,-1.132119457,-0.384901506,-0.635414379,-0.963866752,-0.15618193800000002,-0.300172414,0.5354268839999999,6.954833030700684,2.9653842449188232,3.6056342124938965,4.611273765563965,3.5515778064727783,6.923165321350098,6.033985614776611,3.0
114,SPUR_0,-0.404218184,0.41801438799999996,-0.339065248,-0.900552226,0.377091175,-0.38135544600000004,0.39915050700000004,-0.39077074,-0.9359740559999999,0.262896933,-0.782867304,-1.0587510759999998,-0.351490256,-1.02764162,-0.24091385,-0.7142508890000001,-0.147913833,-0.08651862800000001,-0.332447132,-0.142582966,6.694687843322754,2.9870681762695312,3.6461119651794434,4.416741371154785,3.6343390941619873,6.830737113952637,6.022774696350098,3.0
115,SPUR_2,-0.084069885,0.169132043,-0.8472473629999999,-0.889391697,0.5070463510000001,-0.068276735,0.156465928,-0.8982993490000001,-0.9284061159999999,0.39813395,-0.27894554,-1.081830447,-0.410996308,-0.976870481,-0.646378837,-0.824125381,-0.8549828070000001,-0.10333391,-0.368093846,-0.741969845,6.920673370361328,3.102810859680176,3.710151195526123,4.635743141174316,3.5991909503936768,6.973021030426025,6.0282063484191895,3.0
116,KENN_2,-0.693547925,0.629506412,-0.465293019,-0.373422061,-0.370086984,-0.7026351829999999,0.7300401009999999,-0.48817128299999996,-0.39705106100000004,-0.439785882,0.004272395,0.7925032590000001,-0.29068887,-0.278876061,1.717246186,-0.693317744,-0.5142320020000001,-0.182605952,-0.389391754,-0.19165455399999998,6.717185020446777,3.013319730758667,3.571437358856201,4.710690975189209,3.5121121406555176,6.825486660003662,5.500682353973389,2.8
117,KENN_1,-0.224027074,-0.794361502,0.722644478,0.7627582709999999,-0.692403757,-0.20117496699999998,-0.8174026740000001,0.84654695,0.9340207070000001,-0.677147739,-0.121043742,0.6823765209999999,-0.825741065,0.602862286,-0.7896835640000001,-0.7378483,-0.39541533799999995,-0.122551374,-0.348225719,0.622877706,6.581793785095215,3.2320656776428223,3.74798321723938,4.738835334777832,3.635211944580078,6.817142486572266,5.528854846954346,2.8
118,KENN_0,-0.647461265,-0.794361502,0.207978781,0.312573615,-0.921128947,-0.644627226,-0.8174026740000001,0.35124851100000004,0.543646588,-0.85673062,-0.500855563,0.405301546,-0.37052373299999997,0.342911901,0.019286867,-0.944325423,-0.42558381799999995,0.288221935,-0.379205181,0.528649448,6.4254279136657715,3.2429306507110596,3.716587543487549,4.689553260803223,3.714231491088867,6.715020656585693,5.5233869552612305,2.8
119,KENN_3,0.569184713,-0.582015948,0.139782192,0.41580725,0.35835868200000004,0.632872868,-0.576232459,0.13541908800000002,0.386238766,0.3738304,-0.188447652,0.796838298,1.223688603,1.66722237,-0.5982079339999999,-0.219324219,-1.152252966,-2.918692501,-0.151080663,-0.104890982,6.722703456878662,3.2837607860565186,3.702349901199341,4.91061544418335,3.570847988128662,6.814942836761475,5.362072944641113,2.8
