,rhythm_L2,pitch_L2,pitch_der_L2,pitch_med_L2,vib_frame_L2,rhythm_L6_L2,pitch_L6_L2,pitch_der_L6_L2,pitch_med_L6_L2,vib_frame_L6_L2,timbral_dist,pitch_dist,pitch_der_dist,pitch_med_dist,vib_segment_dist,vib_frame_dist,volume_dist,pitch_dynamic_dist,emolina_rhythm_mfcc_dist,emolina_rhythm_pitch_dist,GT,song_name
0,-0.32883561125127647,-0.6610653798401828,0.22338685009660675,0.7552933755342552,0.4342025997704805,-0.3614634164752012,-0.6532311447649328,0.24865971222704164,0.6612017340096846,0.5872921890587709,0.7750348263852112,0.9102745622626127,0.37442541987743133,0.5018865902974254,-0.31389675471633977,-0.46950319781788,0.6538074585891852,-2.565571585701692,-0.2522860490734297,2.876876518787653,1.8,JTAN_1
1,-0.21481254233154776,4.3123775674062985,0.75691051386915,1.7979857895495968,0.8478405326445542,-0.25330958852378477,3.8491423149318766,0.7449416500116398,1.8771286849055524,0.9501893112641148,0.9686378514630112,0.8254515896519944,4.574743764204765,3.088164319142428,-0.9667437308846745,0.04681645937275336,-0.32535660599168265,-4.059729473037829,-0.380487085381041,-0.6251246820863214,1.8,JTAN_0
2,-0.9712693390301648,0.6453286968734641,-0.7625192241275632,-0.8240013929457066,-1.0448360106777803,-1.0079737630083758,1.0095566438198085,-0.6756807628910056,-0.7478867460887219,-0.8076124864455686,0.991064900748081,0.1748466131154387,0.997507447543078,1.89986857385273,-0.04523962084592197,-1.1037854031348853,0.14220065834639561,-4.444078768815615,-0.382056663949789,-0.17189991648239158,1.8,JTAN_7
3,2.6621073101811703,-0.7943615018268358,0.2775869854493877,0.07503997673613957,-0.7532394012248976,2.475848458985667,-0.8174026740525003,0.2549652165271715,0.13591541420534659,-0.8026027113654058,1.1568323935207354,1.0963126397824896,1.2456828432038876,0.9795772069694311,-0.35568716432654013,-0.4454827735449519,0.5290159743615253,1.3475846819358823,8.623199537367064,-0.6971863126248421,1.8,JTAN_3
4,-1.0378941353055684,-0.7943615018268358,-0.22013864701838046,0.6082719355398615,2.5219593500494515,-1.0777458491464342,-0.8174026740525003,-0.2909843427598765,0.4780807635245572,2.4896275827420826,0.7432852149571331,1.4362218595375258,1.5880739514909397,0.28033145514330887,-0.04557330632432859,0.7001188893086746,-0.1189036621015077,-1.9482105293586245,-0.3888769466573748,0.15453337587306437,1.8,JTAN_6
5,0.3062784573814863,-0.7943615018268358,0.3669734320580706,0.1027057753550444,-0.29805031270911797,0.26505264420672336,-0.8174026740525003,0.39964858653716007,0.13038199654847882,-0.27970353565697087,0.6139045522311771,0.8656049147989009,0.7637129013964836,0.22706987842395177,1.063807843238631,-0.4037661109057075,-0.18250689284190463,-3.1517042617628137,-0.31722183849323593,1.112566855552749,1.8,JTAN_5
6,-0.42700272083740987,-0.7943615018268358,-0.8878863216543421,-0.6675411098098243,-1.5885571837097276,-0.16684639745448274,-0.8174026740525003,-0.7208806937056381,-0.42982384127154194,-1.2164607041766382,-2.2144671116513432,-0.3566265284711489,-1.8823634092196366,-1.1439750362503203,-0.7718234897500501,-1.376288980263519,-0.8527959356659015,0.23297172418030496,-0.3851530604559789,-0.8616301745571272,1.8,JTAN_4
7,-0.8289393752756461,-0.7943615018268358,-0.2412878162842417,-0.41523734648639365,-1.0509787280933063,-0.8592252775616281,-0.8174026740525003,-0.05520956382496853,-0.32200347054054473,-0.808553733163592,0.8266860682135282,0.4650395933571385,-0.40568279549864017,-0.6219302827521962,-0.4438649483161703,-1.2374736639015997,0.43196823239575366,0.21375425939141612,-0.37780644429779375,0.34295465858413393,1.8,JTAN_2
8,-0.058935243055849226,-0.7943615018268358,-0.3707137492157277,-0.48896872614810116,0.20384003650464033,-0.10728606306549356,-0.8174026740525003,-0.21590782851125237,-0.33804638816178717,0.8758644710736658,1.774953830751791,0.7071172682213972,-0.8896089558061447,-0.6040555497258282,1.2757215691097872,1.8054701756894849,1.12737257434947,0.33146123122336324,0.4725864212387257,-0.930978474166402,1.2,PRAV_5
9,-0.08511391168620709,-0.7943615018268358,0.40033993295765574,-0.49106029987301675,2.400631279795039,-0.10976722114231711,-0.8174026740525003,0.32661544793311315,-0.5058179480060736,2.4918762721875507,1.4417136283078433,1.478889851536041,0.37257494291786936,0.21112534408533748,1.5167477948991084,1.892342980926453,0.7590673662344618,-0.8119779237155478,0.02535623576934383,-0.40180556569619286,1.2,PRAV_1
10,1.0724187540628602,-0.7943615018268358,-0.7035070744639541,-0.7808530698090355,-1.6554178323043451,1.7855683332119128,-0.8174026740525003,-0.46571277042918996,-0.5887878186371878,-1.405747384507333,-1.883121393009034,-0.14873082970582718,-1.3269559675032359,-0.4247344555263039,0.2515479036629795,-0.3537649123856497,-1.4758798560701172,1.1313882030608773,-0.08908323292525962,-1.1015489282012718,1.2,PRAV_4
11,1.9349456987653006,-0.7943615018268358,-0.5915136027919132,-0.9048643623725897,-0.7898334191482674,1.8252671430087735,-0.8174026740525003,-0.4961830219280914,-0.872640539659778,-0.6476000338837032,0.9598323300063077,0.6388386291404847,0.03129412080655491,0.1688303301186325,0.9081023880035571,0.34637075473392115,0.8966141166826271,1.6286401044733863,0.1758317242681845,-0.45890945911555536,1.2,PRAV_7
12,-0.15885907368476365,-0.7943615018268358,-0.35300410760557727,0.5563550078912817,-1.0858890710709885,-0.20094161056709473,-0.8174026740525003,-0.24016544684262386,0.7260710127819604,-0.9627754073949232,1.1238306502021396,0.5058018080881057,0.14256065684577415,0.0173963118371149,0.8771711622210904,-0.06126623252472364,0.11923342023348986,1.2851279213719917,0.21995328034629846,0.5297818207690337,1.2,PRAV_3
13,0.7078431351387255,-0.7943615018268358,2.138592952010618,0.8809511559673168,-0.9784017281584639,0.6448930664175182,-0.8174026740525003,2.579638482708659,1.1628958552219146,-0.884329462019984,0.9553448655730927,0.8924493530518268,1.0646533257896045,1.0492755859378247,0.11492908531317009,-0.27130708150567356,1.4615274522548662,0.49961404812614313,0.6241471843322306,-0.21419655724740735,1.2,PRAV_0
14,-0.4445781985503831,-0.7943615018268358,0.1291695824824863,-0.5352428937763599,1.3232246769484908,-0.4771615416974969,-0.8174026740525003,0.24403041644463258,-0.47197095745421075,1.7551665578997486,2.120344728056307,1.7063559258015566,0.26366115615577884,0.535520648910448,0.1833608112652878,0.5925745424121335,1.4748017193994494,0.5716795410844779,-0.21646507843578383,0.9745117907399216,1.2,PRAV_2
15,-0.9522407535880316,-0.7943615018268358,-0.6643360743421238,-0.625675296918648,1.235823784238852,-0.9891183937101894,-0.8174026740525003,-0.7135193432870881,-0.6434444961983057,1.135546671976832,2.024159791531005,2.585475486902561,1.9084708193444555,0.5951896648043141,1.0705252344862433,3.262666339609115,2.4165862550359565,0.8551371467205947,-0.10918064102533227,0.32744504453950335,1.2,PRAV_6
16,-1.0234689068320006,-0.7943615018268358,-0.2336119093562063,-0.10308410832667937,-0.342507315567642,-1.0525647941834617,-0.8174026740525003,-0.30704409492162005,-0.20022380660623817,-0.5146504445416603,0.5924665211620991,1.3271441707345575,-0.19234923744764562,-0.23393627377295811,-1.2740832622952565,-0.35124702600348146,-0.9174921111628134,0.20414552699697172,-0.38969858056810863,-0.0871371247848672,3.4,JLEE_2
17,-0.3407054766241634,-0.7943615018268358,-0.33862627877291734,-0.49801111669335196,-1.0264016339883637,-0.3804799961152103,-0.8174026740525003,-0.37425840838159485,-0.5538500274969517,-1.1708076397486247,-0.11022761860123537,1.182671676115921,-0.37914166882165434,-0.9460230002085122,-0.5058808340674531,-0.43571291623125286,-0.923057542250637,-0.9056630645613821,-0.37814588551095396,0.26921773869809124,3.4,JLEE_5
18,1.1954605042671862,-0.7943615018268358,1.9380886581537067,0.6190531825079599,0.0330583707783336,1.1443632447144123,-0.8174026740525003,1.7925785676185306,0.4368365261488648,-0.04517904356849421,0.6363419767574405,1.1766352157071376,0.5946321780638829,-0.6129949157405121,-0.2970594961195017,-0.3331066424206972,-0.14105824292510494,0.37710271009697505,0.2212846683390744,-0.6089151912018457,3.4,JLEE_6
19,-0.7188668801162206,-0.7943615018268358,-0.6820962709042484,-0.7836439581599691,0.1714907844632231,-0.7573999784604528,-0.8174026740525003,-0.6945840657079255,-0.8037912834350094,0.29962111759593685,-0.5246586044037135,0.7501570973544202,-0.13768086098550641,-0.7200708334137808,-0.5038754906952785,-0.9157153587279332,-0.5163392318803516,0.622125386155312,-0.3520006937309245,-0.636895477145871,3.4,JLEE_3
20,-0.4823923507070094,-0.7943615018268358,-0.5109031310001765,-0.61969538164232,-0.4548390849823811,-0.5147479815056526,-0.8174026740525003,-0.5595769290473436,-0.6703555541105318,-0.5855710052945986,0.19064842106702848,1.2630764399953252,-1.0311440078265792,-0.9674640631522936,-1.1347627431915759,-0.5858516986208847,-0.9581231454757045,0.6533537664372576,-0.35254439773294993,0.19345083213342798,3.4,JLEE_1
21,-0.8887407820819275,-0.7943615018268358,-0.6005217795573974,-0.1124502726225588,0.45716802432910597,-0.9283577718965329,-0.8174026740525003,-0.6067274438373387,-0.025772864239729996,0.5890491936956666,-0.5608832178196745,0.7046728387588505,0.27846497183217384,1.0152035538011903,-0.7313221319719486,-0.5248697662010877,0.31093845017687705,0.27140665375808387,-0.38101019993493057,-0.15723630842211106,3.4,JLEE_7
22,-0.6062888489407761,-0.7943615018268358,-1.0427880941323544,-0.9687686318104279,-2.1914522386892274,-0.425601935431515,-0.8174026740525003,-1.0028639213898278,-0.9225294772813731,-2.3122609994139247,-2.6015058156484434,-0.2869087331400877,-2.0415044277409495,-1.2292837235776537,-1.0131507322666742,-1.4687088960404873,-1.019658867887718,0.25218918896919423,-0.3631335071865524,-1.0652580901377926,3.4,JLEE_4
23,-0.05975029480048331,-0.7943615018268358,1.100984472910247,-0.26466471136650405,0.12097196395138954,-0.10883779658571445,-0.8174026740525003,1.0964214567568882,-0.2307236086627153,0.17289646172808992,-0.14671612949755505,0.9308069079148583,1.3612583470203572,0.6906849067757395,-0.249898275938777,-0.8050623776069491,-0.77227316438156,-0.9753263744211063,-0.3425951149234363,-0.5214132368193061,3.4,JLEE_0
24,-0.7926752207066995,-0.08735466523433619,-0.32779029523804476,-0.8168788548782013,-0.8694965434608399,-0.8252847507927457,-0.10635955712297973,-0.3829289433041717,-0.848529214356698,-1.0256383394471122,-0.19745365297885323,-0.9815167502397881,-0.14000717487750122,-0.2876512963481233,-0.6764525920636819,-0.5395029972935886,-0.6304975430388142,0.39872235798447503,-0.3845351297280483,-0.5304891136544292,3.2,TSIM_6
25,-0.8339425360634707,-0.6246425499787015,-0.973885430551456,-0.9125504847286493,-0.3494737810089835,-0.8665404198560543,-0.6244043680712198,-1.0137198405115715,-0.9433108818119235,-0.3920941404578236,-0.6979772929318674,-0.8474489210755882,-0.12123805143064191,-0.8067018780024082,-0.1806550947886641,-0.5997714653671465,0.5082052949580503,0.4731900340414205,-0.3693878816551485,-0.9936576084060106,3.2,TSIM_3
26,-0.7554882041735309,-0.39093159817244527,-0.7627647058598681,-0.806733900553731,0.033547368429984244,-0.7926712007687101,-0.38869287322003354,-0.8165784827184496,-0.8561077018018821,-0.13742391659275657,-0.31458008652933306,-0.7891370808740189,0.24063593570195915,-0.975350609058582,-0.6518269646877859,-0.335984015960927,-0.8585758710370958,0.26660228756086085,-0.3718506522937891,-0.9910680533317169,3.2,TSIM_0
27,-0.2559356587476874,0.49983764930945757,-0.04127471003549843,-0.2889531619888555,1.5404042712196804,-0.2871926350012884,0.5814020287954635,-0.030556192429663027,-0.3337229144338388,1.653200092842411,-0.5951493728311696,-0.9458339786305247,-0.7046670013916566,-0.8979933863184594,-0.6531681538480392,-0.19952280312182166,-0.8798153008168692,0.16811278051780387,-0.27488135535741015,0.34531834221087715,3.2,TSIM_1
28,0.04493202694000167,0.2931372400075637,-0.9408723334539548,-0.34665307082709357,0.5254135792788222,0.0030585631700155193,0.20787801968273747,-0.9921332017270318,-0.42133253763687234,0.32862992725941537,0.34311280705892244,-0.864310262122104,0.1519980893395045,-0.11092359146263386,-0.7018772803924325,-0.12246263964697701,-0.5100129728572361,0.22816735798308277,-0.02436050228672018,-0.505771405507673,3.2,TSIM_2
29,-0.503085743346976,1.0057943527659008,0.8485199894374618,-0.4220075104031091,0.8391547101466863,-0.5394765015449119,0.9346971185829992,0.7113006116392289,-0.4914580863324689,0.5970943292335946,-0.9378227411711592,-0.9033305895605346,-0.498523868097778,-0.7870389697991989,-0.5678672466122322,0.4857059517086256,-0.0907990432231174,0.052807991784468496,-0.29593379754116383,-0.30485732710780095,3.2,TSIM_5
30,-0.9035496708635163,-0.3411460310941394,-1.1042470972249043,-1.0005463585752725,-1.8922729696012937,-0.8281300474141476,-0.16414358781185276,-1.1005072226735997,-0.9797413475825417,-1.9168038478748064,-2.7165277468838824,-1.1518701276898555,-2.0536647049037082,-1.134203579002764,-0.9799790972502774,-0.9760534753740913,-1.0557705254163756,0.10565601995391344,-0.37755635459954245,-1.0977316050587946,3.2,TSIM_4
31,-0.330455978864009,0.4411039558590335,-1.0477187844216533,-0.9902799046225247,0.5515913707879393,-0.37638544921753114,0.5066093326795561,-1.0864734592981158,-1.0194705052163904,0.581317982857358,-0.7546983430912293,-0.8860688355986343,-0.6792890316606849,-0.9449122727828758,-1.0804551297245033,-1.0519803748395222,0.9084860846962157,0.3963201748858639,-0.3654273878032602,-1.0995652231715707,3.2,TSIM_7
32,0.2860901133377595,0.5061838358461441,-0.9370960249867082,-0.4307356448402219,-1.3822723142090856,0.7596448953439082,0.9354275631001117,-0.8819486299783114,-0.21088417150682406,-1.105089066930724,-2.0886331655456147,-1.200462651723115,-1.528129248391473,-0.5991842127551714,0.24561007043636277,-0.3027303089080584,-1.686900102765168,1.3427803157386593,-0.21929990558572757,-0.7008885894802553,1.8,PRAC_4
33,1.5419991159095379,2.024424546973748,0.44915693954682595,0.39077490147033184,0.7318554260749001,1.4137505970354405,1.9564615253217417,0.35541558320606315,0.2980372463989155,0.590111417978528,0.8582159169698942,-0.7605992225943999,0.3948864079730111,0.041006473627949534,1.7901727874614433,1.8075996067054725,-0.39755386249887753,-1.083424613858608,1.1541952758994094,0.1672681455272918,1.8,PRAC_5
34,1.3563121498936532,0.5042550414660364,2.2879632528926086,0.042712781053924134,0.05138430185220534,1.2804645549502793,0.44610300651735574,2.095088876061143,-0.039726207783427496,-0.09550867173417084,0.3382774267937621,-1.0868890086657348,1.4717582568906336,0.5512654523378395,0.25319719999444246,-0.15382020302293722,-0.7688143602580875,0.7710607382692038,0.04202817492945701,-0.8721145044585684,1.8,PRAC_0
35,0.9367493828083762,1.4376123346137903,1.7927600656480012,0.264137160386253,0.9780187461627124,0.879598420975511,1.35881732372522,1.5719103273164126,0.10955360537884236,0.7930894225757816,1.5211265014975035,0.13038031270239755,0.569782916035643,0.24201025046541583,0.014693926875698827,0.24641564414153258,1.2415169753201698,-0.34595440258498367,0.1042705816022287,0.33920312462756275,1.8,PRAC_2
36,-0.01577239861442053,1.24906595124077,0.4289479195219574,0.043096314390127476,0.8037105483006943,-0.05259097929318568,1.2523005699805616,0.32689643674465163,0.0065092850992616875,0.6080940193616666,0.2266407286486491,-0.5236310190945886,-1.0348449617456827,0.04423853543384462,0.8801531359140244,0.8123305293597918,-0.8741875705856534,0.01917742840391239,0.47023182378241213,0.18853054977753653,1.8,PRAC_1
37,1.195434738877779,0.4950590966745177,0.24308917661374582,-0.21219095887430847,0.5195492062986629,1.1235047500921673,0.4977879769272333,0.1877237702311872,-0.246255095750521,0.45496900026869025,0.3870315258579574,-0.8873437927560454,0.8232982594940033,0.5515413703578654,0.905874645609355,0.23934144051005,-0.984931176266125,1.6718794002483877,0.01891394248881277,-0.17878147941999745,1.8,PRAC_3
38,1.3988471721586093,1.972591006579266,1.4386210640367747,0.3461755712224441,0.535777450661069,1.3260721626551573,1.9152757590373228,1.314995322515901,0.26193246711944684,0.392992047003697,1.534515011556627,0.05360298134064147,0.19334303169288725,0.3013413034208562,0.2832354749465182,-0.18097457241611595,0.00024191381244729551,-0.30031292371137136,1.692400045647214,0.2538018269821773,1.8,PRAC_6
39,0.8064392162176952,0.42796805356510703,-0.3560744885811389,-0.4040437219402152,1.3382903589382003,0.7348327573956324,0.4426357095570436,-0.38102130728974826,-0.409227635219491,1.3521283198275493,0.274116417471568,-0.9764826602825155,0.04213262871249047,0.616731754370288,1.535265653028574,0.22792408529627753,0.2521242005119414,1.5109331326414397,-0.15874810317808555,0.03378405321553366,1.8,PRAC_7
40,-0.8536911622604346,-0.11091547827492135,-0.8078018639553619,1.358631351106626,-0.3323380965130065,-0.8860921929049719,-0.0795355934298855,-0.8474957031385465,1.370958142314588,-0.4370996683254178,-0.9320931279732902,-1.0233717899110173,0.7947744789318031,1.4192229651504238,1.0078619967348652,-0.1555471078421177,-0.38371313216070513,0.5092227805205883,-0.3839296139428302,-0.42437793894313175,3.0,VHEN_3
41,-0.694967535025981,-0.039601621615971076,-0.5843011070545191,-0.7475867562119118,0.2485807459198416,-0.7263819216270108,-0.034937326476569386,-0.638103248877871,-0.7923517588528339,0.14920070993407114,-0.2950596797948123,-1.1104280265647812,-1.2024453035106393,-1.0100484606945628,-0.9840111383187211,-0.6118171916840863,-0.0716360895678046,0.3098415833358624,-0.3725057836960937,-0.9688237913955975,3.0,VHEN_1
42,-0.10478949527196388,-0.5441464286089688,-0.8648363869997773,-0.9569778136879292,-0.8376644066597635,-0.1501911026935391,-0.5435866636529567,-0.9189795217330285,-0.9960828083884502,-0.9994581234930647,-0.5466210275658372,-1.0480683390108008,-0.6289031875906468,-0.7389330952244973,-1.4790719404556334,-0.9252247349182079,-1.0615794224211659,0.4347551044636424,-0.3104087617631143,-1.083193211307264,3.0,VHEN_0
43,-0.663439116812768,-0.22091133407491262,-1.0163419964927105,-0.921794358834474,-0.8954909924983772,-0.697152619893438,-0.22300010568522055,-1.0618632258675342,-0.958389415645379,-1.0272368171160422,-0.6433870567532081,-1.2125299905088127,-0.5759795465475169,-1.093179509840199,-0.504832130153995,-0.9628921246691209,-1.0317696574629573,0.18733024530669357,-0.37790767947556897,-0.9377708734567851,3.0,VHEN_6
44,-0.4458813178974969,0.10306632706646872,-0.9627360092362695,-0.3688946091485464,0.4316929122598263,-0.48455704222306795,0.04435898287846275,-1.0182770230542117,-0.44568192734410594,0.28275696453165833,-0.725607535687639,-1.1842663343213764,-0.30575703968292706,-0.06565755638200672,-0.9374193704846179,-0.48448971592927775,-0.7462427923072505,0.4203420058719754,-0.36166366476677003,-0.8346472182331174,3.0,VHEN_2
45,-0.61424849050091,-0.6887666647950875,-1.0060807378238006,-1.0340287272598203,-1.6988050673955675,-0.4338573207590347,-0.650319405001786,-0.9733969911047673,-1.0197822200146311,-1.6282529077922205,-2.746051631127169,-1.2985422218562739,-2.159670599300793,-1.1895433869856222,-1.088522082966774,-1.2160757413831145,-1.2625014040694844,-0.01445313497664393,-0.3826450549020443,-1.1452661017586396,3.0,VHEN_4
46,-0.32069325912400326,0.1615266809317112,-0.7102792274792497,-0.8829116606776906,0.7910681466001416,-0.3631283498948813,0.1473229251670487,-0.7689201544219898,-0.9263976497185774,0.6201451531271224,-0.6151454902787811,-1.0936351039029308,-0.7076277645269348,-1.044099565027996,-0.1412344527882635,-0.5610447894393992,-0.8252153507901229,0.18973242840530444,-0.3553445497642847,-0.8721853343400018,3.0,VHEN_5
47,-0.4844935070704853,-0.08778655722679493,-0.7038348096362417,1.3186205806233584,0.47674780376281556,-0.5267804887548766,-0.04103219610738823,-0.7350487845654062,1.2957830567300281,0.4928870878970083,-0.8496563136186852,-1.0463089336591125,0.4629839600844695,1.4045932316130256,-0.45634155298396717,-0.35775211031365295,0.4279448353607643,-0.9200761631530496,-0.3716628827133742,-0.1432956270051619,3.0,VHEN_7
48,0.5707871179708911,-0.7943615018268358,-0.2981914516488616,0.4365450033442042,-1.3613446142969794,0.5361897142194425,-0.8174026740525003,-0.11648131551239504,0.6359974656283295,-1.263841843576075,1.7749682765253136,0.20071184979505982,-0.16987916008168305,-0.2955756421614667,1.4523204338138858,-0.17895913941828687,1.2536381005079058,0.22576517488447165,1.4053904233676606,-0.2361179641564584,1.4,BAND_6
49,2.608769701892009,-0.6394985968396659,0.016828084955680715,0.4489780325923071,-0.3833922722579705,2.454763837071877,-0.5852109744048876,0.42186772265759925,0.817652715858654,0.2128886857140331,0.8945970607939754,-0.1628478489942775,0.01968898673166071,0.6951784871296647,0.8771695568095933,-0.3183088204735321,0.34206152249128985,0.7326258086914254,0.38595361837470127,0.032810124460060555,1.4,BAND_3
50,3.509590285510343,-0.7943615018268358,0.08495537263662585,0.3872943290085534,-1.5082101333720133,3.361040981441625,-0.8174026740525003,0.7041608241775867,1.060940304708203,-1.1725416862617108,0.9026311404409003,-0.48107467966793616,-1.003122499581969,-0.11638809771653252,4.51959238068637,-0.42433463699975776,0.7516938042710871,0.7854738368608709,0.1092044851263464,-0.7742753895576692,1.4,BAND_7
51,0.3398112077056107,-0.7943615018268358,-0.33549275949055946,-0.2642122038625534,-1.6526909153703904,0.2839173526318518,-0.8174026740525003,-0.038689382831865134,0.05938357600312202,-1.5053526469926328,1.0328001240984492,-0.4058592666817592,-1.1146798248577054,-0.3804985456088851,0.1140633104746817,0.1734692496495447,0.5500552093871026,1.4941178509511621,0.529690988447497,-0.6611206563657992,1.4,BAND_0
52,-0.42485277525665327,-0.7943615018268358,4.808705344761437,-0.16704503259336928,1.0691861064727461,-0.45939944330527294,-0.8174026740525003,4.60174480852055,-0.1884521868195255,1.0095306164465943,1.358417288586575,1.0905803872359097,2.8523198102555645,0.008674449650513987,1.2757378950304004,3.055153319563532,0.040611084698777875,-0.1417688392030346,-0.012478726630309437,-0.26553172838462663,1.4,BAND_5
53,1.1578243422669108,-0.7943615018268358,-0.889165453019809,-1.0608779999953273,-0.4716168266066318,1.9236782034074615,-0.8174026740525003,-0.8034471340596882,-1.059939649504,0.06453184865392197,-2.0005215116724315,-0.38460244694420825,-0.7252866017980828,0.03627618291139989,0.25156446830399365,0.3726432436191118,-0.6616489932863804,1.1241816537650444,0.517344366519142,-1.032941676332803,1.4,BAND_4
54,0.21958897552911935,-0.7943615018268358,0.9551901622685465,2.0822789566881883,0.7176573634185444,0.1793073110032941,-0.8174026740525003,0.7852866579349365,1.735559143700444,0.4866323132626434,1.7812656803257418,1.348846897761984,1.0937322494396926,0.3836098002637524,0.18343970139047971,1.086784110065863,1.4290468705206552,-0.14417102230164613,2.5700967488272113,1.825703713712993,1.4,BAND_2
55,-0.3893259140622283,-0.7943615018268358,-0.009058402637448473,-0.5237475513978356,2.6889904630099313,-0.4189031597646058,-0.8174026740525003,-0.04895187061152107,-0.5358881334618429,2.7581114952857315,0.8037183709742914,1.4731387908486424,0.08284312182258083,-0.15558826105986479,1.5167478735664166,2.359426051898413,0.5703895549402535,0.4827987664358654,0.6158038192055533,-0.2100033493781796,1.4,BAND_1
56,-0.1850280416674281,0.6197111253203855,-0.1656985036731125,-0.7742900360603214,-0.2951582418044926,-0.22921885613102086,0.6554552910696749,-0.21779341102218377,-0.7910253349798929,-0.40351551089717863,0.031947441421166844,-0.9580065160957673,-0.32161827076477717,1.5374694805307152,-0.3479732107990375,-0.3192262425038368,1.107194647797216,0.16090623122197012,-0.374652806116253,-0.7425127142972161,2.8,NJAT_0
57,0.20813766986519264,0.31869410454626035,-0.6803833900128593,-0.4920375719502652,-0.6856834302884091,0.1531887910366975,0.2792663852796167,-0.7309922705252005,-0.5394592154019727,-0.8584419777001603,-0.20409402113396227,-0.949871422712583,-0.3272754431839762,-0.2727006585306862,0.30244288806067327,-0.10473781215501203,-0.33211734148593053,0.28581975234975054,-0.08968350069017542,-0.40468976453985006,2.8,NJAT_6
58,0.16040865764791465,0.09447968264485516,-0.09175372260497486,-0.5229619098487005,1.1400568640715303,0.12181233349599112,0.10572452732450237,-0.16043591540917868,-0.5764663266788117,1.0210842848778328,-0.6064199467229773,-1.0191765299808837,-0.9811811299187165,-0.8706194218650787,-0.7233520684165947,-0.21249221266811913,0.7628730986063263,0.4876031326330878,-0.3560038069350456,-0.9127386703656548,2.8,NJAT_1
59,-0.668363408893617,-0.46492225536492066,-0.8860007572211936,-0.9092970936190155,-1.689410494761458,-0.5058691291924323,-0.3263732841305352,-0.8157253688047001,-0.8616327900946869,-1.613245706378984,-2.2860131105262886,-1.1184528487512595,-1.935498533343864,-1.1762385786919074,-0.5240942419431349,-1.1164743891721114,-0.7671125868984704,0.06241672417891313,-0.3566915077573759,-1.0820129299040089,2.8,NJAT_4
60,-0.818002721918462,1.283011748001563,-0.4829903415336644,-0.8469309695458324,-0.8506940584094744,-0.8548356688241929,1.3679313015477954,-0.5148874715084326,-0.8805743168706786,-0.9749426098060283,-0.36675948530512925,-0.7624795209085152,-0.4175787188100256,-0.8822275939512946,-0.9671281462070942,-0.6578445472339537,-0.4826668075020148,0.5308424284080884,-0.3732611196952468,-0.5807416856561118,2.8,NJAT_7
61,1.8813074500973777,0.827849157457411,-0.5496873261573897,-0.5405803890702389,-0.9818446823642941,1.7424612631475604,0.8435371649306581,-0.5860011150766731,-0.5654123672395416,-1.1390487614843008,-0.025287484505268902,-0.8559536121970834,0.3854754108644458,-0.34972941951309167,0.13830450248770798,-0.21220545905287447,0.5458398041713545,0.6557559495358688,2.6546805222120033,-1.045741829404524,2.8,NJAT_3
62,-0.008006182466300351,0.5989251878450786,-0.15520303618983633,-0.14601368665135883,1.1371983716089251,-0.06257718519266142,0.5435257118939071,-0.24917176271261884,-0.2605771557812676,1.0410754346717175,-0.35628888931911473,-0.7837054837913845,-0.2622972665186273,-0.7880507851271078,-0.5776834624970807,0.8002005421541163,-0.1680469917760589,-0.9825329237169396,-0.22863003995482514,-0.05088666839441079,2.8,NJAT_5
63,0.5038989511671744,0.6046564142379641,-0.041492488788370384,0.2936016836829406,1.9829009796861714,0.42393971614607545,0.5295328851526894,-0.12109638118913352,0.18890142702739704,1.8420376291976424,0.008815247921692129,-0.3756604098606204,0.44498674988358394,1.036545088288593,-0.555119265389556,0.1652997196719197,-0.0356706103063602,-1.6263179941447292,0.4540196797325262,-0.09565034683987177,2.8,NJAT_2
64,-0.49902709340073914,1.0464985635059876,-0.33001150948857866,0.40889775106299503,1.0406472019101771,-0.5330004740412398,0.9022430809188138,-0.41822382139963216,0.241490145316326,0.8852457000275045,1.0134210239739554,-0.5453487825017991,-0.2755678298571204,0.2743607509458309,-0.17706294819093496,0.03405761177313608,1.4387907173573902,0.1464931326303035,-0.24488637389111637,0.12242961030918947,3.4,DANI_2
65,-1.0071827002596219,1.6628254274855145,-0.5515225973342511,0.7867617977748131,-0.9270659732030214,-0.9845677672968515,2.3234249494497448,-0.35603090670430626,1.4315715165833067,-0.5681683358095257,-1.6986633389209094,-1.0256561913894455,-1.5619665413661046,0.6079371155916673,-0.7146659123580118,-0.18438005391000137,-0.6977755602396927,-0.28109545892248167,0.17834007308245417,-0.9311574087041838,3.4,DANI_4
66,-0.19127050035807255,0.7004429368725862,0.2057356861481807,0.1473668434709878,0.9107070810038763,-0.22584725741718495,0.6674401568438967,0.16327782265620402,0.07815513505017593,0.8211427491224758,0.9545940319601393,-0.6971721603091988,0.8667580326583008,0.6307696822386484,1.0522091828279392,1.1073473081323497,1.98006246435521,0.29542848474419536,-0.15739139020561535,0.04903603464626664,3.4,DANI_6
67,0.9276298924942469,1.5832788440867367,0.8226701310915291,0.0075733609858313795,-0.3197527156049329,0.8592945560584055,1.5723655693568332,0.676984655472516,0.0022088896334551533,-0.5284293939309718,0.5026480053530432,-0.6264745259782374,0.8169537670612778,1.7771150806419775,-0.6699490476008495,0.5376558610865818,0.2282422611101353,-0.04087714906136651,0.12354516004589423,0.38235227646219777,3.4,DANI_0
68,0.23035086788037837,1.572820774986201,0.15958739908239924,2.144502483617425,0.38477099130065834,0.18359357277726485,1.5131651526684402,0.07581528381185212,1.8627496293100816,0.2237537566473544,0.9890227349416307,-0.6845423620150738,-0.028449849601783234,0.23714443164746687,1.291454186406521,1.3420301864665594,1.449185626993849,0.13448221713724798,-0.0644393414169624,0.46024524558175145,3.4,DANI_5
69,1.1672844039354606,1.4615081181004541,1.2920994649550217,0.9177329243926079,1.1799852049470692,1.0778330008573436,1.4307949431312454,1.3068992632708822,0.8487121209300298,1.0936863276053623,0.7920929488732202,-0.830692246784428,0.5766561161711034,1.1457751656508692,0.18794087046961316,0.6549435079862648,1.7431446791342435,1.561378977712274,0.332308504075791,0.6600695324502764,3.4,DANI_7
70,1.154623790833703,2.1336818111831093,-0.8435412775142117,-0.6674379667005945,0.6792515099769919,1.0755734155775016,2.1479717077917813,-0.8738076446542411,-0.6628286982770619,0.6587932866848957,0.6971173376072609,-0.7233856739467087,0.6126082399566504,0.6063717161693734,0.8242987631247547,-0.07206313698953737,1.1737773456443608,1.772771090390056,-0.1010413970084496,1.3172814348658886,3.4,DANI_3
71,0.005975698134105549,0.7121226962947408,0.8049262460814313,0.7682193142866873,2.083495595515857,-0.027521194480920507,0.6918900916220035,0.7014658454311039,0.6509444892338195,1.9742821401283845,0.5844240943440028,-0.7454911461733029,-0.10194022028104471,1.232958627493128,1.0173795922214341,0.7489191406591991,-0.06673443854750818,0.20174334389836018,-0.12414997058305637,1.2529264324825529,3.4,DANI_1
72,-0.7950542276606959,-0.029450526082840996,-0.6703631959534071,-0.33662408741807603,-0.7055318462899125,-0.8276826582589739,0.02227111832712011,-0.696793805111486,-0.30776480799783096,-0.7915865966572656,-0.7385896462125363,0.4070605940883212,0.2647978777166493,0.8289720748568052,-0.35546468845759943,-0.547409995062205,0.11996949149870217,1.3475846819358819,-0.3748295786083675,-0.5794211067190024,1.8,MPUR_3
73,-0.8114955953147622,-0.7943615018268358,1.304323886636053,1.4737849683397028,0.7967082401689174,-0.8425408207366207,-0.8174026740525003,1.1704166791325683,1.3856763496378939,0.700134642811351,0.5338987114485035,0.4956280712080696,0.10293401452629462,0.3041270521488358,-0.561252958116909,0.1276953453327798,-0.5659309474948231,0.362689611505308,-0.3597334450373906,0.726982154136611,1.8,MPUR_6
74,-0.8713356715682595,-0.6343438319248085,-0.9981861377167138,-0.9957840255859658,-1.1664863533387535,-0.9037978104191722,-0.6407250576359989,-1.0484523340509577,-1.0345810639383786,-1.3655526139481338,-1.2746203357928008,-1.4250960401173283,-0.7092138876351245,-1.0358644065383338,-0.8602807040998965,-0.6635456425728892,-0.276794301396545,0.28581975234975054,-0.3669999322613005,-1.108037157193405,1.8,MPUR_0
75,-0.638022150996832,-0.5102381908324182,-0.8237140363321548,-0.9814460167385151,0.4494194192383514,-0.6689974635638295,-0.512516760334072,-0.8795604803549302,-1.0167171223462423,0.3392807683129183,-1.1458595796702071,-1.3747972755118096,-1.182618764658323,-1.0219522182856144,-1.1961695033493587,-0.8013198461131609,-0.2713106810227035,0.09604728755946902,-0.34517368022314276,-0.979455354416834,1.8,MPUR_1
76,-0.5333857557128289,-0.7943615018268358,0.37733751757650263,0.5767969164363375,0.7261997651692963,-0.5666161024731363,-0.8174026740525003,0.2507910906699977,0.39769390097558466,0.5332952288984776,0.5476944084861893,1.2442778271122283,0.43998517501576906,-0.5873446773263621,-0.8509446754304952,0.09702697872780087,-0.6427539009777146,0.06962327347474644,-0.35953630351331134,-0.10497815127338457,1.8,MPUR_2
77,-0.8482289728713793,0.7096992359918788,-0.7286994310222569,-0.26978136442331524,0.153901349785405,-0.8847649894857621,0.7875301116662174,-0.7504507417201497,-0.23117740265258893,0.1637082877872167,-0.3559333012908259,0.28951255068514636,-0.05303475777864852,0.6970613427201349,-0.6222712713873703,-0.6636881041339723,0.10044690301570276,1.1674209495400447,-0.3661182571090479,-0.6039339254981398,1.8,MPUR_7
78,-0.2750243163589966,-0.7943615018268358,-0.658494669637494,-0.8870419969166743,0.16176919853794405,-0.32011128636995734,-0.8174026740525003,-0.716705007659491,-0.9326403545847263,-0.012130213517776905,-0.4051376987270096,0.8725107610318777,-0.554551023355923,-1.0809066680235464,0.3471255053466194,0.03447349167536679,-0.6353344839222917,0.5020162312247546,-0.27938995237469266,-0.2314820602676316,1.8,MPUR_5
79,-0.8199564762582852,-0.18441769572492592,-0.9997540717898339,-0.8258368479057147,-1.5168488066887746,-0.7166357169199797,0.0787451903449784,-0.9506500790587674,-0.7234694814302937,-1.2700561046200372,-2.7313806104621485,-0.4864648862860816,-1.6994305440755413,-0.8876795566771615,-0.9968096997046257,-1.2820375319344488,-1.163971915455758,0.5692773579858673,-0.38869083368741186,-0.9831866142592205,1.8,MPUR_4
80,-0.41802971718832516,0.9230634017494856,-0.6431967387037985,-0.9770030024163974,-1.2353285887357437,-0.41078338834028755,0.910717967557969,-0.6809780687739422,-1.0082488352092902,-1.365266816535027,-0.7037156945123295,-0.8759032353409677,-1.0549887252196268,-1.1486013689747494,-0.6946213165318699,-0.9933349957558752,2.9104829226942486,0.247384822771972,-0.35919283495234755,0.8599817769963004,4.0,ADIZ_3
81,-0.3129168318098357,0.9876031039448783,-0.8733570351881136,-0.8793607860146296,-0.6315141024639027,-0.305519441064334,0.9144973814327788,-0.9194340140788406,-0.9205520210341377,-0.7528762219877614,-0.6583681026084639,-0.8857431490697167,-0.890481323515627,-1.0089135547532009,-0.4548745672870696,-1.0488460461597058,2.376920868842795,0.24017827347613913,-0.3788738670723673,-0.6578882578630383,4.0,ADIZ_2
82,-0.7786237646821021,0.3186944716836034,-0.8211579629384366,-0.8335250898220157,-1.0346705542424333,-0.7824549230629448,0.3288976492640267,-0.8609976822029184,-0.8736739549397263,-1.1516776760847818,-0.6996291267381068,-0.8620639225962036,-0.6560258927406313,-1.0659387268567382,-0.9553828976546469,-0.8818981084952361,2.193314589683823,-0.0384749659627554,-0.36730774350039475,0.2522649009762625,4.0,ADIZ_0
83,-0.43883521704457473,0.6863785302335418,-0.49229260360304483,-0.45968231553135463,-1.4957006593858215,-0.43232154977161863,0.6982510421810786,-0.533932246733246,-0.49832417222382736,-1.6871202166924513,-0.10339181369945055,-0.907179343243869,-0.8668480892036541,-0.692767095900611,-0.9597864062185959,-0.6506898063353018,2.4039971030322116,0.0023621467136346564,-0.3623583527094792,0.7357083582739126,4.0,ADIZ_1
84,0.31914063556890504,0.045406694417690706,-0.5739922500387752,-0.40160717293664305,0.06595535149895708,0.34646309190620017,0.04650579869325234,-0.6115892482252053,-0.4681161920133932,0.008981885315088247,-0.6341955534699586,-1.2683108537672483,0.04729281589113217,-0.8840392208455494,-0.5928640068704345,0.6791821949121669,-0.9221422595722726,-0.19701905047109172,-0.30299395326157796,-0.9026485217920301,3.8,AONG_3
85,-0.6243529268913244,-0.07104345977729008,-0.535575231713804,-0.34542774130999304,-0.33764096933141413,-0.6297650560356606,-0.09063486021566405,-0.5676986326618358,-0.41567392229086575,-0.3881356971214195,-0.28248401165732606,-1.2691835419226272,0.14977751698804428,-0.891879158460608,-0.7088603589876993,-0.7374274510566975,-0.7433004121164287,-0.28589982511970474,-0.3542001595164927,-0.8784363751035834,3.8,AONG_2
86,6.013389908309798,-0.1268559008041746,-0.8222134668980461,-0.6398720704372534,-0.6901324609834433,5.9712210724226695,-0.12954177085606455,-0.862002143244838,-0.6871333360337755,-0.7807326588193728,-0.31291918542176334,-1.2413076698301786,0.7331007254085106,-0.9315890406423197,-1.6171722588279984,0.238535727213913,2.8246417777453057,-0.15137757159747944,3.705309939428329,-0.8924661211786157,3.8,AONG_0
87,-0.48462943845969897,0.1645746151684568,-0.8650104158401181,-0.6035786592832934,-0.6290615286719601,-0.48021337066750996,0.12608162168020384,-0.9059555589716363,-0.6566536393402805,-0.6974578220933434,-0.6795905894524055,-1.2948650388044423,-0.4151995341477498,-0.8978820484423178,-0.5521812324045834,-0.3957423594999393,-0.8771307581280344,-0.15377975469609056,-0.2999666026562336,-0.7459554199615404,3.8,AONG_1
88,-0.9411113098014543,-0.7943615018268358,2.3625605320397,3.317305687160306,0.09361225522908351,-0.9549818780617405,-0.8174026740525003,2.215683352062018,3.067955274551802,-0.021591178048913456,-0.42547649496617773,1.2351958008577115,0.34481778852461054,0.14936146492919822,0.5674295865471451,0.38035120459746574,-1.0464437454026096,-0.10573609272386719,-0.3817586341342866,1.3403793858518829,3.6,SAMF_0
89,-0.5662215582777066,-0.7943615018268358,-0.21184610922253017,0.040296626011659925,0.3713291059643291,-0.5675724044272824,-0.8174026740525003,-0.21183837719794898,0.005295769063897118,0.45742024555007094,0.04704284228450471,0.9715331070570269,-0.40515408779590756,-0.8844353326215795,-0.5420947044016596,-0.7593810989146433,-1.011718415329593,0.04800362558724607,-0.37011260777377797,-0.4420363231131324,3.6,SAMF_2
90,-0.7429558800425944,-0.7943615018268358,-0.4800696518962801,-0.46318450671705924,-0.13623755790861644,-0.7523615183143775,-0.8174026740525003,-0.49899365293218617,-0.4864288085186366,-0.1629271935670896,-0.01649848487889118,0.9498054168437174,-0.6769098469984163,-0.4207370262852734,-0.16980498827939428,-0.6041212933395294,-0.7444603952283422,-0.033670599765532765,-0.3618527086215413,0.2228679274635972,3.6,SAMF_1
91,-0.7614145840462826,-0.7943615018268358,-0.29147021970946546,-0.37608367508516644,0.020933922240494708,-0.7726577938697753,-0.8174026740525003,-0.26468363600677114,-0.3724284934423081,0.11239181084048863,0.46737023100303143,0.8491824351507047,-0.8165944220593025,-0.5333693875158594,-0.01658926351720934,-0.8448544995688314,-1.1644663578492183,-0.13456228990720173,-0.35304836415693325,0.10879631920063283,3.6,SAMF_3
92,-0.12290262069056952,2.223505746022477,0.3218345774400238,1.248347736289748,0.036571464394705475,-0.08287843132363423,2.216911293639092,0.33591674470138577,1.0916023883652273,0.011381546672327113,0.15402476754193484,-0.380133984275256,2.191382311074542,0.11414319320351728,0.03918975779337302,0.3418934425871067,0.35079976911711164,-0.42042207864192915,-0.2836559613537335,-0.4220985309803917,4.6,MICH_0
93,0.0009727730670775632,3.3606099319674003,2.244895158223822,3.3396165705162266,0.2713551843215876,0.027594462435193215,3.5288207610523297,2.4070989757844936,3.448120906027156,0.38913182405787566,0.12034527260437325,-0.41965159191970575,0.39187277406746845,0.2291109229122672,-0.42633518911951973,1.2907721399673757,0.8247439826268604,0.25459137206780574,-0.2805939294192779,-0.03330930924341899,4.6,MICH_3
94,-0.9423696962702068,1.47461912691249,0.17661303200854186,1.6260347229042267,0.7625002049000354,-0.9654483599549691,1.5609760607816985,0.18940345848220178,1.6452076381854024,0.8761994542581594,0.2131540865404302,-0.6911192269692461,-0.14159329798569872,0.12737708944646575,-0.32273800009487336,0.46859290544272125,1.4579523117809896,0.14649313263030392,-0.3598314136902574,3.747406317622956,4.6,MICH_2
95,-0.31271077738550745,2.9056933798925098,2.3142165298046122,1.9359300306652896,0.65265296174459,-0.301776627941542,2.5780243605308466,2.24984489691199,1.8503521658344568,0.6738925061519758,0.41067787510826137,-0.4180147779858155,0.629103920281794,0.13193163177659764,-0.43628778704447213,1.0438445519581676,1.5542767641011317,-0.39399806455720615,-0.280272156892683,1.004959470017822,4.6,MICH_1
96,1.3032796502041026,-0.7943615018268358,2.8023105619365953,2.1357394127168905,-0.07717087952662852,1.3864983654305805,-0.8174026740525003,2.9442215301234573,2.1675203496673587,0.02888249282358167,0.7803153344647221,1.4150195395798477,0.17378084669192187,0.9942065134647585,1.5887239524833747,0.9484846986240194,1.5621760448968434,-0.81678228991277,0.13559398692423133,2.302540034369368,1.6,KARI_3
97,0.4097385871489887,-0.7943615018268358,0.8597837717763248,0.15250372910025223,-0.672700269305406,0.4574898964851428,-0.8174026740525003,0.9650100617987267,0.170724985710469,-0.6254479468083096,0.44066981858771764,1.3804377142217887,0.395309374135199,-0.023623044265026833,1.4089934474022483,0.0595295418594996,0.43067569304755937,-0.4084111631488728,-0.19435046575922632,2.6782164331764724,1.6,KARI_1
98,-0.1446455645213735,-0.7943615018268358,1.9988635701581876,0.8951308468767303,-0.06254100035569288,-0.10726559678372442,-0.8174026740525003,2.089467793127719,0.9081962934237644,-0.023349035625605065,-0.1356985680375081,1.125073088303594,1.255463935704369,0.5817290949436817,4.683610992067551,0.3724484122718083,-0.4130000983183749,-0.17059503638636872,-0.33168078612020024,2.441420842156031,1.6,KARI_0
99,-0.08450452719959843,-0.7943615018268358,0.18119163182484888,4.145556979483737,-0.3517231401818721,-0.058946896475771275,-0.8174026740525003,0.20393593902016044,4.085986576131364,-0.365133148827557,0.7733764534719857,1.136943750147885,1.1619355430916718,1.772511241498308,1.8044011133404345,-0.2965222057782996,0.6912485497005467,-0.46366137441693034,0.09735940069286977,2.2496033262721116,1.6,KARI_2
100,0.5919409171314891,-0.7943615018268358,1.9083972406893353,2.4221218234771875,0.6672728198653808,0.6645224302519972,-0.8174026740525003,2.061623927509884,2.5007028495536443,0.8839833865538403,0.5955480368371462,1.3357699995309726,0.3309127759428442,0.8811460607092142,0.4589492547742866,1.9870128922206973,-0.8476254416129309,0.5764839072817002,-0.30523705272618623,-0.4367545419685033,2.8,ITAN_3
101,-0.8689929396254225,-0.7943615018268358,-0.5578833437623576,-0.776908317154564,0.5614771674697161,-0.8838101992755536,-0.8174026740525003,-0.5074773069590401,-0.7325148154243367,0.9215294501770266,0.2994468658620727,1.396390523913844,0.5285965859930736,0.7776476073486295,-0.7913192764894931,1.2682311952880037,-0.6725387739696133,0.7566476396775372,-0.35771626063048345,-0.7721776905783809,2.8,ITAN_0
102,-0.3043419446780589,-0.7943615018268358,0.05786313950178448,-1.0140077924767603,1.9667443706022376,-0.2884810705280775,-0.8174026740525003,0.005863255182432928,-1.049216451956363,2.184889755758702,0.769594440712555,2.385450432920914,1.0574629010325003,2.451074546058742,-0.7218370048823449,3.878242140775381,-0.9289984619603926,-1.059402782872496,-0.38037453979354363,-0.7661912767243318,2.8,ITAN_1
103,-0.7494543685734366,0.17745648828993474,-0.4110686975209769,-0.303067912367598,-0.11757889912140738,-0.760526504124012,0.19256236365476515,-0.45370116723786014,-0.31959679545206526,-0.13437274381998052,0.468186038361164,0.17850012739924256,1.9285617120481535,5.372905075941599,-0.40832000344829944,4.009968564636829,-0.6962558037507421,-2.3854078533058547,-0.2864430860324922,-0.4744220739051095,2.8,ITAN_2
104,0.0776388394061807,-0.7943615018268358,0.26895929706578986,-0.19469904395288193,1.5120586170069372,0.10483381955174433,-0.8174026740525003,0.25563031926893054,-0.24450827592128124,1.6726060999426133,0.6313609394969304,1.14698809769039,1.1933936514040253,-0.4276420371883911,1.458398797563282,-0.3263921490720949,-0.3276183072132284,-0.40360679695165147,-0.2811802397308968,1.2502024796504445,1.2,DAVI_2
105,0.5779568001310835,-0.7943615018268358,-0.008334274426752426,0.33778467888167646,0.19542370350696436,0.6359323831682719,-0.8174026740525003,-0.020297843823847906,0.3108872928112556,0.21326250859714058,0.8719281894291186,1.2164316790940444,0.24082098339788724,-0.1980508330647687,0.3849180977500147,0.6679231356678843,-0.46846926668095834,-0.2834976420210937,-0.005106344411218499,2.8734876040509088,1.2,DAVI_3
106,-0.7781471212643338,0.012714536053926175,1.4028645333077223,1.7579028931814638,0.4754486106006658,-0.7905345527520592,0.12054306299239943,1.521550970360882,1.7707255546999052,0.7084315381691765,0.30495664684830076,1.0453423457242579,0.07359073702484241,0.21242465728234286,-0.05806483691402301,-0.01039682638970445,-0.04535194109863023,-1.278001444846112,-0.35185100327711505,2.1386839259074457,1.2,DAVI_1
107,-0.6770931301775964,-0.7943615018268358,0.5578879764843391,0.17137021648055661,1.0465776649194736,-0.675960671065576,-0.8174026740525003,0.5146664940653602,0.12985247841166106,1.108740815710893,0.07115807699763516,0.5556151785689116,0.9762005271231133,0.09845786338493345,0.7367431063636709,0.3149726037157689,-0.8809595361728608,-0.19221468427386865,-0.38093112938082563,2.2774096821086265,1.2,DAVI_0
108,0.6317398587640697,-0.7943615018268358,0.4971237979217533,-0.49204089522340816,-0.7707277405759944,0.678371497552267,-0.8174026740525003,0.484163493495201,-0.5246514660223028,-0.9262003066377584,0.2943954898371759,1.183256367285808,-0.3268524770218018,-0.7943156024411252,-0.06920503598085152,-0.18564039232108417,-0.17191554395515485,-0.30031292371137136,0.37088873258191113,0.17521273954462088,2.4,ZHIY_3
109,-0.1757201920149013,-0.7943615018268358,-0.22249514126513162,-0.15234872764624693,-0.09537539840733453,-0.15845370583643884,-0.8174026740525003,-0.23233640607281084,-0.11458062119498813,-0.07211271579951915,-0.10280951380313255,1.0335018340364321,-0.4775870430697237,0.24497459849992845,0.11317980166045731,0.02203822679448675,-0.8864967037491072,0.021579611502523494,-0.3268531298644137,0.9109515133017665,2.4,ZHIY_1
110,0.052860810184417746,-0.7943615018268358,-0.8640749332374936,-0.8732955835880348,-0.8912644907412947,0.0848118118944115,-0.8174026740525003,-0.9110534923652295,-0.9112428436460771,-1.0521981550767452,-0.00889772743053655,1.3723675545096785,0.4954994838022837,-1.0267551819673104,-0.3460496245670219,-0.7205276887960946,-0.5879323315348743,-0.1874103180766473,-0.2976953417611928,-0.9060421890234095,2.4,ZHIY_2
111,0.32925582670563325,-0.7943615018268358,-0.12249508371978896,-0.03401686898627232,-0.5648555844517118,0.40482041828147175,-0.8174026740525003,-0.1125118485450927,-0.06805572775086556,-0.639991612588707,-0.28800678063261603,0.9782400100376033,-0.2171456287056105,-0.7865628316282002,-0.212244442018158,-0.5744346506587045,-1.2002539909651555,0.20174334389836104,-0.27992962816860534,0.8144360307648114,2.4,ZHIY_0
112,0.18874064597972676,0.5375652600163977,-0.7714043282500193,-0.2806603435261025,1.5414614428502096,0.22667297768459801,0.5155697343337836,-0.8239634557761741,-0.3282269283693114,1.438475684370854,-0.7630817865289049,-1.0727465500443554,-0.5061795556332865,-0.10055720837904632,-0.35732384861405114,-0.6964237585305514,-0.6467494903115073,-0.08171426173775614,-0.34636789281581676,0.3421982915382189,2.6,SPUR_1
113,0.1109779330255965,0.5084150124180337,-0.9188841162291874,-0.9537068983702433,-1.1219221018915473,0.14829414266318902,0.4854065912128253,-0.9685519362775198,-0.9899733348923617,-1.3024543086149982,-0.7194802653312637,-1.0342020745999783,-1.0362460371578928,-1.1321194566659811,-0.3849015057136667,-0.6354143793638329,-0.9638667518247931,-0.1561819377947021,-0.30017241437068515,0.5354268839901467,2.6,SPUR_3
114,-0.40421818388174396,0.41801438779108774,-0.339065248491472,-0.9005522258990826,0.3770911745667074,-0.3813554458916832,0.3991505065935482,-0.39077073963804776,-0.9359740555837831,0.26289693311228135,-0.7828673041118064,-1.0587510756773015,-0.35149025596894323,-1.0276416203560301,-0.24091385039446508,-0.7142508886168722,-0.1479138326226026,-0.08651862793497835,-0.33244713174797524,-0.14258296556656636,2.6,SPUR_0
115,-0.08406988453794707,0.16913204316593636,-0.8472473632319287,-0.8893916974831862,0.5070463511441036,-0.06827673479802282,0.15646592830059844,-0.8982993494297474,-0.9284061163338525,0.39813394980323824,-0.27894553979254094,-1.081830447048867,-0.41099630791105013,-0.976870481349812,-0.6463788370571645,-0.8241253812861411,-0.8549828069690135,-0.10333390962525651,-0.3680938456890727,-0.7419698450006196,2.6,SPUR_2
116,-0.6935479252630233,0.6295064116697684,-0.46529301884920155,-0.373422061164796,-0.3700869839067175,-0.7026351827230677,0.7300401007736432,-0.4881712829608558,-0.397051061028516,-0.43978588174674194,0.0042723950193356165,0.79250325871628,-0.290688870155162,-0.2788760605553308,1.7172461860955524,-0.693317743603168,-0.5142320016851217,-0.1826059518794251,-0.38939175376512214,-0.19165455359375128,2.6,KENN_2
117,-0.22402707383732887,-0.7943615018268358,0.7226444780053757,0.7627582711838361,-0.6924037569487714,-0.2011749672830288,-0.8174026740525003,0.8465469503056953,0.9340207067307287,-0.6771477386941923,-0.12104374160053522,0.6823765214716065,-0.8257410653165117,0.6028622860888271,-0.7896835643568475,-0.7378483002384248,-0.39541533778516796,-0.1225513744141462,-0.348225719310117,0.6228777057514894,2.6,KENN_1
118,-0.6474612646607943,-0.7943615018268358,0.20797878067112655,0.31257361482000334,-0.9211289473377716,-0.6446272256907744,-0.8174026740525003,0.35124851148128217,0.5436465883418119,-0.8567306204434897,-0.5008555634554576,0.40530154617914993,-0.370523733267191,0.34291190056406257,0.019286866941726523,-0.9443254234027783,-0.425583817814894,0.2882219354483612,-0.3792051813393786,0.5286494481746015,2.6,KENN_0
119,0.5691847133970342,-0.5820159477014928,0.13978219202337264,0.4158072497228053,0.3583586819880795,0.6328728683444669,-0.5762324590997338,0.13541908835549976,0.38623876643509836,0.37383040023773034,-0.18844765208895997,0.7968382977742706,1.2236886027703613,1.6672223702323887,-0.5982079341503252,-0.21932421922537704,-1.1522529663788366,-2.9186925011975315,-0.15108066321368122,-0.10489098205554838,2.6,KENN_3
