song_name,rhythm_L2,pitch_L2,pitch_der_L2,pitch_med_L2,vib_frame_L2,rhythm_L6_L2,pitch_L6_L2,pitch_der_L6_L2,pitch_med_L6_L2,vib_frame_L6_L2,timbral_dist,pitch_dist,pitch_der_dist,pitch_med_dist,vib_segment_dist,vib_frame_dist,volume_dist,pitch_dynamic_dist,emolina_rhythm_mfcc_dist,emolina_rhythm_pitch_dist,GT
JTAN_1,-0.328835611,-0.66106538,0.22338685,0.755293376,0.4342026,-0.361463416,-0.653231145,0.248659712,0.661201734,0.587292189,0.775034826,0.910274562,0.37442542,0.50188659,-0.313896755,-0.469503198,0.653807459,-2.565571586,-0.252286049,2.876876519,1.4
JTAN_0,-0.214812542,4.312377567,0.756910514,1.79798579,0.847840533,-0.253309589,3.849142315,0.74494165,1.877128685,0.950189311,0.968637851,0.82545159,4.574743764,3.088164319,-0.966743731,0.046816459,-0.325356606,-4.059729473,-0.380487085,-0.625124682,1.4
JTAN_7,-0.971269339,0.645328697,-0.762519224,-0.824001393,-1.044836011,-1.007973763,1.009556644,-0.675680763,-0.747886746,-0.807612486,0.991064901,0.174846613,0.997507448,1.899868574,-0.045239621,-1.103785403,0.142200658,-4.444078769,-0.382056664,-0.171899916,1.4
JTAN_3,2.66210731,-0.794361502,0.277586985,0.075039977,-0.753239401,2.475848459,-0.817402674,0.254965217,0.135915414,-0.802602711,1.156832394,1.09631264,1.245682843,0.979577207,-0.355687164,-0.445482774,0.529015974,1.347584682,8.623199537,-0.697186313,1.4
JTAN_6,-1.037894135,-0.794361502,-0.220138647,0.608271936,2.52195935,-1.077745849,-0.817402674,-0.290984343,0.478080764,2.489627583,0.743285215,1.43622186,1.588073951,0.280331455,-0.045573306,0.700118889,-0.118903662,-1.948210529,-0.388876947,0.154533376,1.4
JTAN_5,0.306278457,-0.794361502,0.366973432,0.102705775,-0.298050313,0.265052644,-0.817402674,0.399648587,0.130381997,-0.279703536,0.613904552,0.865604915,0.763712901,0.227069878,1.063807843,-0.403766111,-0.182506893,-3.151704262,-0.317221838,1.112566856,1.4
JTAN_4,-0.427002721,-0.794361502,-0.887886322,-0.66754111,-1.588557184,-0.166846397,-0.817402674,-0.720880694,-0.429823841,-1.216460704,-2.214467112,-0.356626528,-1.882363409,-1.143975036,-0.77182349,-1.37628898,-0.852795936,0.232971724,-0.38515306,-0.861630175,1.4
JTAN_2,-0.828939375,-0.794361502,-0.241287816,-0.415237346,-1.050978728,-0.859225278,-0.817402674,-0.055209564,-0.322003471,-0.808553733,0.826686068,0.465039593,-0.405682795,-0.621930283,-0.443864948,-1.237473664,0.431968232,0.213754259,-0.377806444,0.342954659,1.4
PRAV_5,-0.058935243,-0.794361502,-0.370713749,-0.488968726,0.203840037,-0.107286063,-0.817402674,-0.215907829,-0.338046388,0.875864471,1.774953831,0.707117268,-0.889608956,-0.60405555,1.275721569,1.805470176,1.127372574,0.331461231,0.472586421,-0.930978474,1
PRAV_1,-0.085113912,-0.794361502,0.400339933,-0.4910603,2.40063128,-0.109767221,-0.817402674,0.326615448,-0.505817948,2.491876272,1.441713628,1.478889852,0.372574943,0.211125344,1.516747795,1.892342981,0.759067366,-0.811977924,0.025356236,-0.401805566,1
PRAV_4,1.072418754,-0.794361502,-0.703507074,-0.78085307,-1.655417832,1.785568333,-0.817402674,-0.46571277,-0.588787819,-1.405747385,-1.883121393,-0.14873083,-1.326955968,-0.424734456,0.251547904,-0.353764912,-1.475879856,1.131388203,-0.089083233,-1.101548928,1
PRAV_7,1.934945699,-0.794361502,-0.591513603,-0.904864362,-0.789833419,1.825267143,-0.817402674,-0.496183022,-0.87264054,-0.647600034,0.95983233,0.638838629,0.031294121,0.16883033,0.908102388,0.346370755,0.896614117,1.628640104,0.175831724,-0.458909459,1
PRAV_3,-0.158859074,-0.794361502,-0.353004108,0.556355008,-1.085889071,-0.200941611,-0.817402674,-0.240165447,0.726071013,-0.962775407,1.12383065,0.505801808,0.142560657,0.017396312,0.877171162,-0.061266233,0.11923342,1.285127921,0.21995328,0.529781821,1
PRAV_0,0.707843135,-0.794361502,2.138592952,0.880951156,-0.978401728,0.644893066,-0.817402674,2.579638483,1.162895855,-0.884329462,0.955344866,0.892449353,1.064653326,1.049275586,0.114929085,-0.271307082,1.461527452,0.499614048,0.624147184,-0.214196557,1
PRAV_2,-0.444578199,-0.794361502,0.129169582,-0.535242894,1.323224677,-0.477161542,-0.817402674,0.244030416,-0.471970957,1.755166558,2.120344728,1.706355926,0.263661156,0.535520649,0.183360811,0.592574542,1.474801719,0.571679541,-0.216465078,0.974511791,1
PRAV_6,-0.952240754,-0.794361502,-0.664336074,-0.625675297,1.235823784,-0.989118394,-0.817402674,-0.713519343,-0.643444496,1.135546672,2.024159792,2.585475487,1.908470819,0.595189665,1.070525234,3.26266634,2.416586255,0.855137147,-0.109180641,0.327445045,1
JLEE_2,-1.023468907,-0.794361502,-0.233611909,-0.103084108,-0.342507316,-1.052564794,-0.817402674,-0.307044095,-0.200223807,-0.514650445,0.592466521,1.327144171,-0.192349237,-0.233936274,-1.274083262,-0.351247026,-0.917492111,0.204145527,-0.389698581,-0.087137125,3.2
JLEE_5,-0.340705477,-0.794361502,-0.338626279,-0.498011117,-1.026401634,-0.380479996,-0.817402674,-0.374258408,-0.553850027,-1.17080764,-0.110227619,1.182671676,-0.379141669,-0.946023,-0.505880834,-0.435712916,-0.923057542,-0.905663065,-0.378145886,0.269217739,3.2
JLEE_6,1.195460504,-0.794361502,1.938088658,0.619053183,0.033058371,1.144363245,-0.817402674,1.792578568,0.436836526,-0.045179044,0.636341977,1.176635216,0.594632178,-0.612994916,-0.297059496,-0.333106642,-0.141058243,0.37710271,0.221284668,-0.608915191,3.2
JLEE_3,-0.71886688,-0.794361502,-0.682096271,-0.783643958,0.171490784,-0.757399978,-0.817402674,-0.694584066,-0.803791283,0.299621118,-0.524658604,0.750157097,-0.137680861,-0.720070833,-0.503875491,-0.915715359,-0.516339232,0.622125386,-0.352000694,-0.636895477,3.2
JLEE_1,-0.482392351,-0.794361502,-0.510903131,-0.619695382,-0.454839085,-0.514747982,-0.817402674,-0.559576929,-0.670355554,-0.585571005,0.190648421,1.26307644,-1.031144008,-0.967464063,-1.134762743,-0.585851699,-0.958123145,0.653353766,-0.352544398,0.193450832,3.2
JLEE_7,-0.888740782,-0.794361502,-0.60052178,-0.112450273,0.457168024,-0.928357772,-0.817402674,-0.606727444,-0.025772864,0.589049194,-0.560883218,0.704672839,0.278464972,1.015203554,-0.731322132,-0.524869766,0.31093845,0.271406654,-0.3810102,-0.157236308,3.2
JLEE_4,-0.606288849,-0.794361502,-1.042788094,-0.968768632,-2.191452239,-0.425601935,-0.817402674,-1.002863921,-0.922529477,-2.312260999,-2.601505816,-0.286908733,-2.041504428,-1.229283724,-1.013150732,-1.468708896,-1.019658868,0.252189189,-0.363133507,-1.06525809,3.2
JLEE_0,-0.059750295,-0.794361502,1.100984473,-0.264664711,0.120971964,-0.108837797,-0.817402674,1.096421457,-0.230723609,0.172896462,-0.146716129,0.930806908,1.361258347,0.690684907,-0.249898276,-0.805062378,-0.772273164,-0.975326374,-0.342595115,-0.521413237,3.2
TSIM_6,-0.792675221,-0.087354665,-0.327790295,-0.816878855,-0.869496543,-0.825284751,-0.106359557,-0.382928943,-0.848529214,-1.025638339,-0.197453653,-0.98151675,-0.140007175,-0.287651296,-0.676452592,-0.539502997,-0.630497543,0.398722358,-0.38453513,-0.530489114,3.6
TSIM_3,-0.833942536,-0.62464255,-0.973885431,-0.912550485,-0.349473781,-0.86654042,-0.624404368,-1.013719841,-0.943310882,-0.39209414,-0.697977293,-0.847448921,-0.121238051,-0.806701878,-0.180655095,-0.599771465,0.508205295,0.473190034,-0.369387882,-0.993657608,3.6
TSIM_0,-0.755488204,-0.390931598,-0.762764706,-0.806733901,0.033547368,-0.792671201,-0.388692873,-0.816578483,-0.856107702,-0.137423917,-0.314580087,-0.789137081,0.240635936,-0.975350609,-0.651826965,-0.335984016,-0.858575871,0.266602288,-0.371850652,-0.991068053,3.6
TSIM_1,-0.255935659,0.499837649,-0.04127471,-0.288953162,1.540404271,-0.287192635,0.581402029,-0.030556192,-0.333722914,1.653200093,-0.595149373,-0.945833979,-0.704667001,-0.897993386,-0.653168154,-0.199522803,-0.879815301,0.168112781,-0.274881355,0.345318342,3.6
TSIM_2,0.044932027,0.29313724,-0.940872333,-0.346653071,0.525413579,0.003058563,0.20787802,-0.992133202,-0.421332538,0.328629927,0.343112807,-0.864310262,0.151998089,-0.110923591,-0.70187728,-0.12246264,-0.510012973,0.228167358,-0.024360502,-0.505771406,3.6
TSIM_5,-0.503085743,1.005794353,0.848519989,-0.42200751,0.83915471,-0.539476502,0.934697119,0.711300612,-0.491458086,0.597094329,-0.937822741,-0.90333059,-0.498523868,-0.78703897,-0.567867247,0.485705952,-0.090799043,0.052807992,-0.295933798,-0.304857327,3.6
TSIM_4,-0.903549671,-0.341146031,-1.104247097,-1.000546359,-1.89227297,-0.828130047,-0.164143588,-1.100507223,-0.979741348,-1.916803848,-2.716527747,-1.151870128,-2.053664705,-1.134203579,-0.979979097,-0.976053475,-1.055770525,0.10565602,-0.377556355,-1.097731605,3.6
TSIM_7,-0.330455979,0.441103956,-1.047718784,-0.990279905,0.551591371,-0.376385449,0.506609333,-1.086473459,-1.019470505,0.581317983,-0.754698343,-0.886068836,-0.679289032,-0.944912273,-1.08045513,-1.051980375,0.908486085,0.396320175,-0.365427388,-1.099565223,3.6
PRAC_4,0.286090113,0.506183836,-0.937096025,-0.430735645,-1.382272314,0.759644895,0.935427563,-0.88194863,-0.210884172,-1.105089067,-2.088633166,-1.200462652,-1.528129248,-0.599184213,0.24561007,-0.302730309,-1.686900103,1.342780316,-0.219299906,-0.700888589,1.2
PRAC_5,1.541999116,2.024424547,0.44915694,0.390774901,0.731855426,1.413750597,1.956461525,0.355415583,0.298037246,0.590111418,0.858215917,-0.760599223,0.394886408,0.041006474,1.790172787,1.807599607,-0.397553862,-1.083424614,1.154195276,0.167268146,1.2
PRAC_0,1.35631215,0.504255041,2.287963253,0.042712781,0.051384302,1.280464555,0.446103007,2.095088876,-0.039726208,-0.095508672,0.338277427,-1.086889009,1.471758257,0.551265452,0.2531972,-0.153820203,-0.76881436,0.771060738,0.042028175,-0.872114504,1.2
PRAC_2,0.936749383,1.437612335,1.792760066,0.26413716,0.978018746,0.879598421,1.358817324,1.571910327,0.109553605,0.793089423,1.521126501,0.130380313,0.569782916,0.24201025,0.014693927,0.246415644,1.241516975,-0.345954403,0.104270582,0.339203125,1.2
PRAC_1,-0.015772399,1.249065951,0.42894792,0.043096314,0.803710548,-0.052590979,1.25230057,0.326896437,0.006509285,0.608094019,0.226640729,-0.523631019,-1.034844962,0.044238535,0.880153136,0.812330529,-0.874187571,0.019177428,0.470231824,0.18853055,1.2
PRAC_3,1.195434739,0.495059097,0.243089177,-0.212190959,0.519549206,1.12350475,0.497787977,0.18772377,-0.246255096,0.454969,0.387031526,-0.887343793,0.823298259,0.55154137,0.905874646,0.239341441,-0.984931176,1.6718794,0.018913942,-0.178781479,1.2
PRAC_6,1.398847172,1.972591007,1.438621064,0.346175571,0.535777451,1.326072163,1.915275759,1.314995323,0.261932467,0.392992047,1.534515012,0.053602981,0.193343032,0.301341303,0.283235475,-0.180974572,0.000241914,-0.300312924,1.692400046,0.253801827,1.2
PRAC_7,0.806439216,0.427968054,-0.356074489,-0.404043722,1.338290359,0.734832757,0.44263571,-0.381021307,-0.409227635,1.35212832,0.274116417,-0.97648266,0.042132629,0.616731754,1.535265653,0.227924085,0.252124201,1.510933133,-0.158748103,0.033784053,1.2
VHEN_3,-0.853691162,-0.110915478,-0.807801864,1.358631351,-0.332338097,-0.886092193,-0.079535593,-0.847495703,1.370958142,-0.437099668,-0.932093128,-1.02337179,0.794774479,1.419222965,1.007861997,-0.155547108,-0.383713132,0.509222781,-0.383929614,-0.424377939,3.2
VHEN_1,-0.694967535,-0.039601622,-0.584301107,-0.747586756,0.248580746,-0.726381922,-0.034937326,-0.638103249,-0.792351759,0.14920071,-0.29505968,-1.110428027,-1.202445304,-1.010048461,-0.984011138,-0.611817192,-0.07163609,0.309841583,-0.372505784,-0.968823791,3.2
VHEN_0,-0.104789495,-0.544146429,-0.864836387,-0.956977814,-0.837664407,-0.150191103,-0.543586664,-0.918979522,-0.996082808,-0.999458123,-0.546621028,-1.048068339,-0.628903188,-0.738933095,-1.47907194,-0.925224735,-1.061579422,0.434755104,-0.310408762,-1.083193211,3.2
VHEN_6,-0.663439117,-0.220911334,-1.016341996,-0.921794359,-0.895490992,-0.69715262,-0.223000106,-1.061863226,-0.958389416,-1.027236817,-0.643387057,-1.212529991,-0.575979547,-1.09317951,-0.50483213,-0.962892125,-1.031769657,0.187330245,-0.377907679,-0.937770873,3.2
VHEN_2,-0.445881318,0.103066327,-0.962736009,-0.368894609,0.431692912,-0.484557042,0.044358983,-1.018277023,-0.445681927,0.282756965,-0.725607536,-1.184266334,-0.30575704,-0.065657556,-0.93741937,-0.484489716,-0.746242792,0.420342006,-0.361663665,-0.834647218,3.2
VHEN_4,-0.614248491,-0.688766665,-1.006080738,-1.034028727,-1.698805067,-0.433857321,-0.650319405,-0.973396991,-1.01978222,-1.628252908,-2.746051631,-1.298542222,-2.159670599,-1.189543387,-1.088522083,-1.216075741,-1.262501404,-0.014453135,-0.382645055,-1.145266102,3.2
VHEN_5,-0.320693259,0.161526681,-0.710279227,-0.882911661,0.791068147,-0.36312835,0.147322925,-0.768920154,-0.92639765,0.620145153,-0.61514549,-1.093635104,-0.707627765,-1.044099565,-0.141234453,-0.561044789,-0.825215351,0.189732428,-0.35534455,-0.872185334,3.2
VHEN_7,-0.484493507,-0.087786557,-0.70383481,1.318620581,0.476747804,-0.526780489,-0.041032196,-0.735048785,1.295783057,0.492887088,-0.849656314,-1.046308934,0.46298396,1.404593232,-0.456341553,-0.35775211,0.427944835,-0.920076163,-0.371662883,-0.143295627,3.2
BAND_6,0.570787118,-0.794361502,-0.298191452,0.436545003,-1.361344614,0.536189714,-0.817402674,-0.116481316,0.635997466,-1.263841844,1.774968277,0.20071185,-0.16987916,-0.295575642,1.452320434,-0.178959139,1.253638101,0.225765175,1.405390423,-0.236117964,1.8
BAND_3,2.608769702,-0.639498597,0.016828085,0.448978033,-0.383392272,2.454763837,-0.585210974,0.421867723,0.817652716,0.212888686,0.894597061,-0.162847849,0.019688987,0.695178487,0.877169557,-0.31830882,0.342061522,0.732625809,0.385953618,0.032810124,1.8
BAND_7,3.509590286,-0.794361502,0.084955373,0.387294329,-1.508210133,3.361040981,-0.817402674,0.704160824,1.060940305,-1.172541686,0.90263114,-0.48107468,-1.0031225,-0.116388098,4.519592381,-0.424334637,0.751693804,0.785473837,0.109204485,-0.77427539,1.8
BAND_0,0.339811208,-0.794361502,-0.335492759,-0.264212204,-1.652690915,0.283917353,-0.817402674,-0.038689383,0.059383576,-1.505352647,1.032800124,-0.405859267,-1.114679825,-0.380498546,0.11406331,0.17346925,0.550055209,1.494117851,0.529690988,-0.661120656,1.8
BAND_5,-0.424852775,-0.794361502,4.808705345,-0.167045033,1.069186106,-0.459399443,-0.817402674,4.601744809,-0.188452187,1.009530616,1.358417289,1.090580387,2.85231981,0.00867445,1.275737895,3.05515332,0.040611085,-0.141768839,-0.012478727,-0.265531728,1.8
BAND_4,1.157824342,-0.794361502,-0.889165453,-1.060878,-0.471616827,1.923678203,-0.817402674,-0.803447134,-1.05993965,0.064531849,-2.000521512,-0.384602447,-0.725286602,0.036276183,0.251564468,0.372643244,-0.661648993,1.124181654,0.517344367,-1.032941676,1.8
BAND_2,0.219588976,-0.794361502,0.955190162,2.082278957,0.717657363,0.179307311,-0.817402674,0.785286658,1.735559144,0.486632313,1.78126568,1.348846898,1.093732249,0.3836098,0.183439701,1.08678411,1.429046871,-0.144171022,2.570096749,1.825703714,1.8
BAND_1,-0.389325914,-0.794361502,-0.009058403,-0.523747551,2.688990463,-0.41890316,-0.817402674,-0.048951871,-0.535888133,2.758111495,0.803718371,1.473138791,0.082843122,-0.155588261,1.516747874,2.359426052,0.570389555,0.482798766,0.615803819,-0.210003349,1.8
NJAT_0,-0.185028042,0.619711125,-0.165698504,-0.774290036,-0.295158242,-0.229218856,0.655455291,-0.217793411,-0.791025335,-0.403515511,0.031947441,-0.958006516,-0.321618271,1.537469481,-0.347973211,-0.319226243,1.107194648,0.160906231,-0.374652806,-0.742512714,2.2
NJAT_6,0.20813767,0.318694105,-0.68038339,-0.492037572,-0.68568343,0.153188791,0.279266385,-0.730992271,-0.539459215,-0.858441978,-0.204094021,-0.949871423,-0.327275443,-0.272700659,0.302442888,-0.104737812,-0.332117341,0.285819752,-0.089683501,-0.404689765,2.2
NJAT_1,0.160408658,0.094479683,-0.091753723,-0.52296191,1.140056864,0.121812333,0.105724527,-0.160435915,-0.576466327,1.021084285,-0.606419947,-1.01917653,-0.98118113,-0.870619422,-0.723352068,-0.212492213,0.762873099,0.487603133,-0.356003807,-0.91273867,2.2
NJAT_4,-0.668363409,-0.464922255,-0.886000757,-0.909297094,-1.689410495,-0.505869129,-0.326373284,-0.815725369,-0.86163279,-1.613245706,-2.286013111,-1.118452849,-1.935498533,-1.176238579,-0.524094242,-1.116474389,-0.767112587,0.062416724,-0.356691508,-1.08201293,2.2
NJAT_7,-0.818002722,1.283011748,-0.482990342,-0.84693097,-0.850694058,-0.854835669,1.367931302,-0.514887472,-0.880574317,-0.97494261,-0.366759485,-0.762479521,-0.417578719,-0.882227594,-0.967128146,-0.657844547,-0.482666808,0.530842428,-0.37326112,-0.580741686,2.2
NJAT_3,1.88130745,0.827849157,-0.549687326,-0.540580389,-0.981844682,1.742461263,0.843537165,-0.586001115,-0.565412367,-1.139048761,-0.025287485,-0.855953612,0.385475411,-0.34972942,0.138304502,-0.212205459,0.545839804,0.65575595,2.654680522,-1.045741829,2.2
NJAT_5,-0.008006182,0.598925188,-0.155203036,-0.146013687,1.137198372,-0.062577185,0.543525712,-0.249171763,-0.260577156,1.041075435,-0.356288889,-0.783705484,-0.262297267,-0.788050785,-0.577683462,0.800200542,-0.168046992,-0.982532924,-0.22863004,-0.050886668,2.2
NJAT_2,0.503898951,0.604656414,-0.041492489,0.293601684,1.98290098,0.423939716,0.529532885,-0.121096381,0.188901427,1.842037629,0.008815248,-0.37566041,0.44498675,1.036545088,-0.555119265,0.16529972,-0.03567061,-1.626317994,0.45401968,-0.095650347,2.2
DANI_2,-0.499027093,1.046498564,-0.330011509,0.408897751,1.040647202,-0.533000474,0.902243081,-0.418223821,0.241490145,0.8852457,1.013421024,-0.545348783,-0.27556783,0.274360751,-0.177062948,0.034057612,1.438790717,0.146493133,-0.244886374,0.12242961,2.8
DANI_4,-1.0071827,1.662825427,-0.551522597,0.786761798,-0.927065973,-0.984567767,2.323424949,-0.356030907,1.431571517,-0.568168336,-1.698663339,-1.025656191,-1.561966541,0.607937116,-0.714665912,-0.184380054,-0.69777556,-0.281095459,0.178340073,-0.931157409,2.8
DANI_6,-0.1912705,0.700442937,0.205735686,0.147366843,0.910707081,-0.225847257,0.667440157,0.163277823,0.078155135,0.821142749,0.954594032,-0.69717216,0.866758033,0.630769682,1.052209183,1.107347308,1.980062464,0.295428485,-0.15739139,0.049036035,2.8
DANI_0,0.927629892,1.583278844,0.822670131,0.007573361,-0.319752716,0.859294556,1.572365569,0.676984655,0.00220889,-0.528429394,0.502648005,-0.626474526,0.816953767,1.777115081,-0.669949048,0.537655861,0.228242261,-0.040877149,0.12354516,0.382352276,2.8
DANI_5,0.230350868,1.572820775,0.159587399,2.144502484,0.384770991,0.183593573,1.513165153,0.075815284,1.862749629,0.223753757,0.989022735,-0.684542362,-0.02844985,0.237144432,1.291454186,1.342030186,1.449185627,0.134482217,-0.064439341,0.460245246,2.8
DANI_7,1.167284404,1.461508118,1.292099465,0.917732924,1.179985205,1.077833001,1.430794943,1.306899263,0.848712121,1.093686328,0.792092949,-0.830692247,0.576656116,1.145775166,0.18794087,0.654943508,1.743144679,1.561378978,0.332308504,0.660069532,2.8
DANI_3,1.154623791,2.133681811,-0.843541278,-0.667437967,0.67925151,1.075573416,2.147971708,-0.873807645,-0.662828698,0.658793287,0.697117338,-0.723385674,0.61260824,0.606371716,0.824298763,-0.072063137,1.173777346,1.77277109,-0.101041397,1.317281435,2.8
DANI_1,0.005975698,0.712122696,0.804926246,0.768219314,2.083495596,-0.027521194,0.691890092,0.701465845,0.650944489,1.97428214,0.584424094,-0.745491146,-0.10194022,1.232958627,1.017379592,0.748919141,-0.066734439,0.201743344,-0.124149971,1.252926432,2.8
MPUR_3,-0.795054228,-0.029450526,-0.670363196,-0.336624087,-0.705531846,-0.827682658,0.022271118,-0.696793805,-0.307764808,-0.791586597,-0.738589646,0.407060594,0.264797878,0.828972075,-0.355464688,-0.547409995,0.119969491,1.347584682,-0.374829579,-0.579421107,2
MPUR_6,-0.811495595,-0.794361502,1.304323887,1.473784968,0.79670824,-0.842540821,-0.817402674,1.170416679,1.38567635,0.700134643,0.533898711,0.495628071,0.102934015,0.304127052,-0.561252958,0.127695345,-0.565930947,0.362689612,-0.359733445,0.726982154,2
MPUR_0,-0.871335672,-0.634343832,-0.998186138,-0.995784026,-1.166486353,-0.90379781,-0.640725058,-1.048452334,-1.034581064,-1.365552614,-1.274620336,-1.42509604,-0.709213888,-1.035864407,-0.860280704,-0.663545643,-0.276794301,0.285819752,-0.366999932,-1.108037157,2
MPUR_1,-0.638022151,-0.510238191,-0.823714036,-0.981446017,0.449419419,-0.668997464,-0.51251676,-0.87956048,-1.016717122,0.339280768,-1.14585958,-1.374797276,-1.182618765,-1.021952218,-1.196169503,-0.801319846,-0.271310681,0.096047288,-0.34517368,-0.979455354,2
MPUR_2,-0.533385756,-0.794361502,0.377337518,0.576796916,0.726199765,-0.566616102,-0.817402674,0.250791091,0.397693901,0.533295229,0.547694408,1.244277827,0.439985175,-0.587344677,-0.850944675,0.097026979,-0.642753901,0.069623273,-0.359536304,-0.104978151,2
MPUR_7,-0.848228973,0.709699236,-0.728699431,-0.269781364,0.15390135,-0.884764989,0.787530112,-0.750450742,-0.231177403,0.163708288,-0.355933301,0.289512551,-0.053034758,0.697061343,-0.622271271,-0.663688104,0.100446903,1.16742095,-0.366118257,-0.603933925,2
MPUR_5,-0.275024316,-0.794361502,-0.65849467,-0.887041997,0.161769199,-0.320111286,-0.817402674,-0.716705008,-0.932640355,-0.012130214,-0.405137699,0.872510761,-0.554551023,-1.080906668,0.347125505,0.034473492,-0.635334484,0.502016231,-0.279389952,-0.23148206,2
MPUR_4,-0.819956476,-0.184417696,-0.999754072,-0.825836848,-1.516848807,-0.716635717,0.07874519,-0.950650079,-0.723469481,-1.270056105,-2.73138061,-0.486464886,-1.699430544,-0.887679557,-0.9968097,-1.282037532,-1.163971915,0.569277358,-0.388690834,-0.983186614,2
ADIZ_3,-0.418029717,0.923063402,-0.643196739,-0.977003002,-1.235328589,-0.410783388,0.910717968,-0.680978069,-1.008248835,-1.365266817,-0.703715695,-0.875903235,-1.054988725,-1.148601369,-0.694621317,-0.993334996,2.910482923,0.247384823,-0.359192835,0.859981777,4.2
ADIZ_2,-0.312916832,0.987603104,-0.873357035,-0.879360786,-0.631514102,-0.305519441,0.914497381,-0.919434014,-0.920552021,-0.752876222,-0.658368103,-0.885743149,-0.890481324,-1.008913555,-0.454874567,-1.048846046,2.376920869,0.240178273,-0.378873867,-0.657888258,4.2
ADIZ_0,-0.778623765,0.318694472,-0.821157963,-0.83352509,-1.034670554,-0.782454923,0.328897649,-0.860997682,-0.873673955,-1.151677676,-0.699629127,-0.862063923,-0.656025893,-1.065938727,-0.955382898,-0.881898108,2.19331459,-0.038474966,-0.367307744,0.252264901,4.2
ADIZ_1,-0.438835217,0.68637853,-0.492292604,-0.459682316,-1.495700659,-0.43232155,0.698251042,-0.533932247,-0.498324172,-1.687120217,-0.103391814,-0.907179343,-0.866848089,-0.692767096,-0.959786406,-0.650689806,2.403997103,0.002362147,-0.362358353,0.735708358,4.2
AONG_3,0.319140636,0.045406694,-0.57399225,-0.401607173,0.065955351,0.346463092,0.046505799,-0.611589248,-0.468116192,0.008981885,-0.634195553,-1.268310854,0.047292816,-0.884039221,-0.592864007,0.679182195,-0.92214226,-0.19701905,-0.302993953,-0.902648522,4
AONG_2,-0.624352927,-0.07104346,-0.535575232,-0.345427741,-0.337640969,-0.629765056,-0.09063486,-0.567698633,-0.415673922,-0.388135697,-0.282484012,-1.269183542,0.149777517,-0.891879158,-0.708860359,-0.737427451,-0.743300412,-0.285899825,-0.35420016,-0.878436375,4
AONG_0,6.013389908,-0.126855901,-0.822213467,-0.63987207,-0.690132461,5.971221072,-0.129541771,-0.862002143,-0.687133336,-0.780732659,-0.312919185,-1.24130767,0.733100725,-0.931589041,-1.617172259,0.238535727,2.824641778,-0.151377572,3.705309939,-0.892466121,4
AONG_1,-0.484629438,0.164574615,-0.865010416,-0.603578659,-0.629061529,-0.480213371,0.126081622,-0.905955559,-0.656653639,-0.697457822,-0.679590589,-1.294865039,-0.415199534,-0.897882048,-0.552181232,-0.395742359,-0.877130758,-0.153779755,-0.299966603,-0.74595542,4
SAMF_0,-0.94111131,-0.794361502,2.362560532,3.317305687,0.093612255,-0.954981878,-0.817402674,2.215683352,3.067955275,-0.021591178,-0.425476495,1.235195801,0.344817789,0.149361465,0.567429587,0.380351205,-1.046443745,-0.105736093,-0.381758634,1.340379386,3.2
SAMF_2,-0.566221558,-0.794361502,-0.211846109,0.040296626,0.371329106,-0.567572404,-0.817402674,-0.211838377,0.005295769,0.457420246,0.047042842,0.971533107,-0.405154088,-0.884435333,-0.542094704,-0.759381099,-1.011718415,0.048003626,-0.370112608,-0.442036323,3.2
SAMF_1,-0.74295588,-0.794361502,-0.480069652,-0.463184507,-0.136237558,-0.752361518,-0.817402674,-0.498993653,-0.486428809,-0.162927194,-0.016498485,0.949805417,-0.676909847,-0.420737026,-0.169804988,-0.604121293,-0.744460395,-0.0336706,-0.361852709,0.222867927,3.2
SAMF_3,-0.761414584,-0.794361502,-0.29147022,-0.376083675,0.020933922,-0.772657794,-0.817402674,-0.264683636,-0.372428493,0.112391811,0.467370231,0.849182435,-0.816594422,-0.533369388,-0.016589264,-0.8448545,-1.164466358,-0.13456229,-0.353048364,0.108796319,3.2
MICH_0,-0.122902621,2.223505746,0.321834577,1.248347736,0.036571464,-0.082878431,2.216911294,0.335916745,1.091602388,0.011381547,0.154024768,-0.380133984,2.191382311,0.114143193,0.039189758,0.341893443,0.350799769,-0.420422079,-0.283655961,-0.422098531,4.6
MICH_3,0.000972773,3.360609932,2.244895158,3.339616571,0.271355184,0.027594462,3.528820761,2.407098976,3.448120906,0.389131824,0.120345273,-0.419651592,0.391872774,0.229110923,-0.426335189,1.29077214,0.824743983,0.254591372,-0.280593929,-0.033309309,4.6
MICH_2,-0.942369696,1.474619127,0.176613032,1.626034723,0.762500205,-0.96544836,1.560976061,0.189403458,1.645207638,0.876199454,0.213154087,-0.691119227,-0.141593298,0.127377089,-0.322738,0.468592905,1.457952312,0.146493133,-0.359831414,3.747406318,4.6
MICH_1,-0.312710777,2.90569338,2.31421653,1.935930031,0.652652962,-0.301776628,2.578024361,2.249844897,1.850352166,0.673892506,0.410677875,-0.418014778,0.62910392,0.131931632,-0.436287787,1.043844552,1.554276764,-0.393998065,-0.280272157,1.00495947,4.6
KARI_3,1.30327965,-0.794361502,2.802310562,2.135739413,-0.07717088,1.386498365,-0.817402674,2.94422153,2.16752035,0.028882493,0.780315334,1.41501954,0.173780847,0.994206513,1.588723952,0.948484699,1.562176045,-0.81678229,0.135593987,2.302540034,1.2
KARI_1,0.409738587,-0.794361502,0.859783772,0.152503729,-0.672700269,0.457489896,-0.817402674,0.965010062,0.170724986,-0.625447947,0.440669819,1.380437714,0.395309374,-0.023623044,1.408993447,0.059529542,0.430675693,-0.408411163,-0.194350466,2.678216433,1.2
KARI_0,-0.144645565,-0.794361502,1.99886357,0.895130847,-0.062541,-0.107265597,-0.817402674,2.089467793,0.908196293,-0.023349036,-0.135698568,1.125073088,1.255463936,0.581729095,4.683610992,0.372448412,-0.413000098,-0.170595036,-0.331680786,2.441420842,1.2
KARI_2,-0.084504527,-0.794361502,0.181191632,4.145556979,-0.35172314,-0.058946896,-0.817402674,0.203935939,4.085986576,-0.365133149,0.773376453,1.13694375,1.161935543,1.772511241,1.804401113,-0.296522206,0.69124855,-0.463661374,0.097359401,2.249603326,1.2
ITAN_3,0.591940917,-0.794361502,1.908397241,2.422121823,0.66727282,0.66452243,-0.817402674,2.061623928,2.50070285,0.883983387,0.595548037,1.33577,0.330912776,0.881146061,0.458949255,1.987012892,-0.847625442,0.576483907,-0.305237053,-0.436754542,3
ITAN_0,-0.86899294,-0.794361502,-0.557883344,-0.776908317,0.561477167,-0.883810199,-0.817402674,-0.507477307,-0.732514815,0.92152945,0.299446866,1.396390524,0.528596586,0.777647607,-0.791319276,1.268231195,-0.672538774,0.75664764,-0.357716261,-0.772177691,3
ITAN_1,-0.304341945,-0.794361502,0.05786314,-1.014007792,1.966744371,-0.288481071,-0.817402674,0.005863255,-1.049216452,2.184889756,0.769594441,2.385450433,1.057462901,2.451074546,-0.721837005,3.878242141,-0.928998462,-1.059402783,-0.38037454,-0.766191277,3
ITAN_2,-0.749454369,0.177456488,-0.411068698,-0.303067912,-0.117578899,-0.760526504,0.192562364,-0.453701167,-0.319596795,-0.134372744,0.468186038,0.178500127,1.928561712,5.372905076,-0.408320003,4.009968565,-0.696255804,-2.385407853,-0.286443086,-0.474422074,3
DAVI_2,0.077638839,-0.794361502,0.268959297,-0.194699044,1.512058617,0.10483382,-0.817402674,0.255630319,-0.244508276,1.6726061,0.631360939,1.146988098,1.193393651,-0.427642037,1.458398798,-0.326392149,-0.327618307,-0.403606797,-0.28118024,1.25020248,1.2
DAVI_3,0.5779568,-0.794361502,-0.008334274,0.337784679,0.195423704,0.635932383,-0.817402674,-0.020297844,0.310887293,0.213262509,0.871928189,1.216431679,0.240820983,-0.198050833,0.384918098,0.667923136,-0.468469267,-0.283497642,-0.005106344,2.873487604,1.2
DAVI_1,-0.778147121,0.012714536,1.402864533,1.757902893,0.475448611,-0.790534553,0.120543063,1.52155097,1.770725555,0.708431538,0.304956647,1.045342346,0.073590737,0.212424657,-0.058064837,-0.010396826,-0.045351941,-1.278001445,-0.351851003,2.138683926,1.2
DAVI_0,-0.67709313,-0.794361502,0.557887976,0.171370216,1.046577665,-0.675960671,-0.817402674,0.514666494,0.129852478,1.108740816,0.071158077,0.555615179,0.976200527,0.098457863,0.736743106,0.314972604,-0.880959536,-0.192214684,-0.380931129,2.277409682,1.2
ZHIY_3,0.631739859,-0.794361502,0.497123798,-0.492040895,-0.770727741,0.678371498,-0.817402674,0.484163493,-0.524651466,-0.926200307,0.29439549,1.183256367,-0.326852477,-0.794315602,-0.069205036,-0.185640392,-0.171915544,-0.300312924,0.370888733,0.17521274,2.6
ZHIY_1,-0.175720192,-0.794361502,-0.222495141,-0.152348728,-0.095375398,-0.158453706,-0.817402674,-0.232336406,-0.114580621,-0.072112716,-0.102809514,1.033501834,-0.477587043,0.244974598,0.113179802,0.022038227,-0.886496704,0.021579612,-0.32685313,0.910951513,2.6
ZHIY_2,0.05286081,-0.794361502,-0.864074933,-0.873295584,-0.891264491,0.084811812,-0.817402674,-0.911053492,-0.911242844,-1.052198155,-0.008897727,1.372367555,0.495499484,-1.026755182,-0.346049625,-0.720527689,-0.587932332,-0.187410318,-0.297695342,-0.906042189,2.6
ZHIY_0,0.329255827,-0.794361502,-0.122495084,-0.034016869,-0.564855584,0.404820418,-0.817402674,-0.112511849,-0.068055728,-0.639991613,-0.288006781,0.97824001,-0.217145629,-0.786562832,-0.212244442,-0.574434651,-1.200253991,0.201743344,-0.279929628,0.814436031,2.6
SPUR_1,0.188740646,0.53756526,-0.771404328,-0.280660344,1.541461443,0.226672978,0.515569734,-0.823963456,-0.328226928,1.438475684,-0.763081787,-1.07274655,-0.506179556,-0.100557208,-0.357323849,-0.696423759,-0.64674949,-0.081714262,-0.346367893,0.342198292,3
SPUR_3,0.110977933,0.508415012,-0.918884116,-0.953706898,-1.121922102,0.148294143,0.485406591,-0.968551936,-0.989973335,-1.302454309,-0.719480265,-1.034202075,-1.036246037,-1.132119457,-0.384901506,-0.635414379,-0.963866752,-0.156181938,-0.300172414,0.535426884,3
SPUR_0,-0.404218184,0.418014388,-0.339065248,-0.900552226,0.377091175,-0.381355446,0.399150507,-0.39077074,-0.935974056,0.262896933,-0.782867304,-1.058751076,-0.351490256,-1.02764162,-0.24091385,-0.714250889,-0.147913833,-0.086518628,-0.332447132,-0.142582966,3
SPUR_2,-0.084069885,0.169132043,-0.847247363,-0.889391697,0.507046351,-0.068276735,0.156465928,-0.898299349,-0.928406116,0.39813395,-0.27894554,-1.081830447,-0.410996308,-0.976870481,-0.646378837,-0.824125381,-0.854982807,-0.10333391,-0.368093846,-0.741969845,3
KENN_2,-0.693547925,0.629506412,-0.465293019,-0.373422061,-0.370086984,-0.702635183,0.730040101,-0.488171283,-0.397051061,-0.439785882,0.004272395,0.792503259,-0.29068887,-0.278876061,1.717246186,-0.693317744,-0.514232002,-0.182605952,-0.389391754,-0.191654554,2.8
KENN_1,-0.224027074,-0.794361502,0.722644478,0.762758271,-0.692403757,-0.201174967,-0.817402674,0.84654695,0.934020707,-0.677147739,-0.121043742,0.682376521,-0.825741065,0.602862286,-0.789683564,-0.7378483,-0.395415338,-0.122551374,-0.348225719,0.622877706,2.8
KENN_0,-0.647461265,-0.794361502,0.207978781,0.312573615,-0.921128947,-0.644627226,-0.817402674,0.351248511,0.543646588,-0.85673062,-0.500855563,0.405301546,-0.370523733,0.342911901,0.019286867,-0.944325423,-0.425583818,0.288221935,-0.379205181,0.528649448,2.8
KENN_3,0.569184713,-0.582015948,0.139782192,0.41580725,0.358358682,0.632872868,-0.576232459,0.135419088,0.386238766,0.3738304,-0.188447652,0.796838298,1.223688603,1.66722237,-0.598207934,-0.219324219,-1.152252966,-2.918692501,-0.151080663,-0.104890982,2.8
